"Date","Price","Open","High","Low","Vol.","Change %"
"28-03-2025","258.64","257.10","267.95","257.00","6.88M","1.38%"
"27-03-2025","255.12","254.00","257.90","250.00","8.55M","0.53%"
"26-03-2025","253.78","237.90","262.40","237.70","15.77M","6.72%"
"25-03-2025","237.80","245.35","246.10","235.30","4.77M","-2.40%"
"24-03-2025","243.64","241.90","247.50","240.79","4.20M","1.73%"
"21-03-2025","239.50","237.60","245.67","236.84","5.17M","0.94%"
"20-03-2025","237.28","245.00","245.70","236.00","3.50M","-2.09%"
"19-03-2025","242.35","232.20","245.34","232.00","5.15M","5.12%"
"18-03-2025","230.55","222.00","234.23","221.00","5.37M","5.09%"
"17-03-2025","219.38","220.00","223.95","217.32","4.46M","0.43%"
"13-03-2025","218.44","222.40","225.25","216.01","2.37M","-0.86%"
"12-03-2025","220.33","228.00","230.45","218.85","3.08M","-2.47%"
"11-03-2025","225.91","228.89","231.40","222.55","4.79M","-1.66%"
"10-03-2025","229.72","239.90","243.70","227.30","3.51M","-4.02%"
"07-03-2025","239.35","235.01","247.90","231.10","10.05M","1.48%"
"06-03-2025","235.86","223.87","248.90","221.10","10.96M","7.40%"
"05-03-2025","219.60","207.20","221.39","207.20","4.05M","6.66%"
"04-03-2025","205.89","203.00","214.85","202.45","2.90M","-0.33%"
"03-03-2025","206.58","214.99","217.86","198.13","5.73M","-2.53%"
"28-02-2025","211.95","221.00","222.50","210.10","5.59M","-4.93%"
"27-02-2025","222.95","238.20","240.80","220.05","3.11M","-6.64%"
"25-02-2025","238.80","241.00","245.90","236.50","3.04M","-0.83%"
"24-02-2025","240.80","250.35","250.65","240.10","3.49M","-4.56%"
"21-02-2025","252.30","257.90","263.80","251.00","1.79M","-2.34%"
"20-02-2025","258.35","255.00","263.10","253.80","1.56M","0.82%"
"19-02-2025","256.25","245.00","263.70","244.00","3.38M","3.08%"
"18-02-2025","248.60","249.95","256.60","243.80","5.93M","1.74%"
"17-02-2025","244.35","236.00","252.00","229.55","7.15M","-2.32%"
"14-02-2025","250.15","270.00","270.50","243.25","5.50M","-6.21%"
"13-02-2025","266.70","268.20","277.10","262.10","2.22M","-0.04%"
"12-02-2025","266.80","265.35","275.55","252.80","4.08M","-0.26%"
"11-02-2025","267.50","283.70","283.70","263.55","3.51M","-5.96%"
"10-02-2025","284.45","295.00","303.00","276.80","6.21M","-0.72%"
"07-02-2025","286.50","271.55","288.70","268.20","6.18M","5.33%"
"06-02-2025","272.00","259.40","276.65","258.00","9.24M","6.90%"
"05-02-2025","254.45","245.00","257.75","243.85","3.78M","3.65%"
"04-02-2025","245.50","234.45","245.75","231.95","2.89M","4.89%"
"03-02-2025","234.05","239.00","239.80","234.05","1.72M","-4.99%"
"01-02-2025","246.35","252.70","254.70","241.35","1.60M","-1.70%"
"31-01-2025","250.60","249.50","253.55","247.30","1.47M","-0.10%"
"30-01-2025","250.85","247.75","254.00","244.40","2.68M","1.05%"
"29-01-2025","248.25","242.75","251.90","237.05","4.86M","3.18%"
"28-01-2025","240.60","251.00","252.00","237.20","4.64M","-3.63%"
"27-01-2025","249.65","258.85","259.80","249.65","1.46M","-4.99%"
"24-01-2025","262.75","275.40","277.00","260.70","957.59K","-4.25%"
"23-01-2025","274.40","273.90","281.45","272.60","957.33K","0.00%"
"22-01-2025","274.40","283.90","283.90","268.25","1.30M","-0.78%"
"21-01-2025","276.55","281.90","284.00","272.00","3.34M","-1.57%"
"20-01-2025","280.95","289.95","289.95","279.60","1.57M","-1.63%"
"17-01-2025","285.60","278.50","289.50","278.05","1.98M","2.26%"
"16-01-2025","279.30","278.40","282.70","277.15","1.93M","1.53%"
"15-01-2025","275.10","277.00","279.50","270.60","3.72M","0.05%"
"14-01-2025","274.95","278.95","286.65","273.10","5.09M","-0.94%"
"13-01-2025","277.55","288.35","296.95","277.55","2.07M","-5.00%"
"10-01-2025","292.15","287.00","301.40","283.80","3.44M","1.78%"
"09-01-2025","287.05","303.85","304.45","287.05","2.48M","-5.00%"
"08-01-2025","302.15","311.00","311.65","298.00","1.73M","-2.39%"
"07-01-2025","309.55","300.30","312.00","297.60","2.27M","2.08%"
"06-01-2025","303.25","320.20","320.20","303.25","2.90M","-5.00%"
"03-01-2025","319.20","322.50","328.45","317.80","3.02M","-1.07%"
"02-01-2025","322.65","318.00","327.85","316.30","5.34M","1.08%"
"01-01-2025","319.20","304.90","319.35","303.05","9.32M","4.95%"
"31-12-2024","304.15","294.05","306.70","292.20","2.23M","2.39%"
"30-12-2024","297.05","298.00","299.85","290.50","754.48K","-0.64%"
"27-12-2024","298.95","308.00","310.00","298.00","963.99K","-1.06%"
"26-12-2024","302.15","301.20","308.00","301.15","857.82K","-0.05%"
"24-12-2024","302.30","289.00","303.45","288.00","1.44M","4.60%"
"23-12-2024","289.00","290.90","294.75","283.10","806.12K","-0.45%"
"20-12-2024","290.30","295.40","305.00","287.55","1.59M","-0.77%"
"19-12-2024","292.55","273.00","292.55","268.70","1.18M","4.99%"
"18-12-2024","278.65","288.80","292.00","275.60","737.46K","-2.81%"
"17-12-2024","286.70","292.60","295.70","284.10","1.56M","-1.80%"
"16-12-2024","291.95","295.00","299.80","291.00","871.34K","-0.93%"
"13-12-2024","294.70","294.50","298.70","282.75","847.73K","-0.02%"
"12-12-2024","294.75","292.00","304.70","292.00","717.92K","0.46%"
"11-12-2024","293.40","305.00","307.00","290.55","988.51K","-3.76%"
"10-12-2024","304.85","303.90","306.90","297.00","2.02M","2.18%"
"09-12-2024","298.35","306.80","307.00","292.75","822.37K","-1.62%"
"06-12-2024","303.25","303.30","308.00","295.00","1.26M","0.36%"
"05-12-2024","302.15","297.00","303.45","293.20","1.75M","2.27%"
"04-12-2024","295.45","289.90","295.45","282.75","3.07M","4.99%"
"03-12-2024","281.40","275.65","285.60","274.35","1.20M","2.68%"
"02-12-2024","274.05","278.75","279.10","272.75","719.03K","-1.81%"
"29-11-2024","279.10","280.00","282.70","272.25","1.22M","-0.07%"
"28-11-2024","279.30","278.00","281.80","270.50","999.74K","1.32%"
"27-11-2024","275.65","272.00","281.50","267.30","2.01M","1.44%"
"26-11-2024","271.75","257.60","271.75","252.75","1.43M","4.98%"
"25-11-2024","258.85","267.30","270.50","255.15","1.85M","0.47%"
"22-11-2024","257.65","249.90","259.60","246.00","680.12K","3.64%"
"21-11-2024","248.60","256.25","256.25","244.90","922.94K","-3.46%"
"19-11-2024","257.50","258.00","266.50","255.00","837.88K","1.32%"
"18-11-2024","254.15","267.00","269.70","252.55","925.30K","-1.80%"
"14-11-2024","258.80","249.00","261.80","249.00","942.60K","3.64%"
"13-11-2024","249.70","264.00","268.20","249.70","1.48M","-5.00%"
"12-11-2024","262.85","262.00","273.60","260.45","1.55M","0.86%"
"11-11-2024","260.60","267.15","275.00","260.60","1.37M","-4.99%"
"08-11-2024","274.30","273.85","282.00","273.85","2.24M","-4.84%"
"07-11-2024","288.25","302.00","304.40","288.20","2.52M","-4.98%"
"06-11-2024","303.35","297.90","308.90","292.40","2.94M","3.09%"
"05-11-2024","294.25","299.95","299.95","292.20","1.31M","-0.79%"
"04-11-2024","296.60","289.90","300.00","280.20","2.31M","1.91%"
"01-11-2024","291.05","285.00","293.30","282.65","1.06M","3.76%"
"31-10-2024","280.50","281.45","284.00","276.10","639.65K","0.56%"
"30-10-2024","278.95","273.50","284.90","270.15","963.82K","1.96%"
"29-10-2024","273.60","274.10","276.40","266.00","575.47K","-0.31%"
"28-10-2024","274.45","278.00","286.00","272.00","1.15M","-1.06%"
"25-10-2024","277.40","294.60","294.60","267.00","3.03M","-1.14%"
"24-10-2024","280.60","271.60","280.60","270.05","1.31M","5.00%"
"23-10-2024","267.25","252.50","267.25","252.50","1.90M","4.99%"
"22-10-2024","254.55","269.30","269.50","254.55","1.64M","-5.00%"
"21-10-2024","267.95","283.80","285.00","267.20","1.68M","-4.73%"
"18-10-2024","281.25","274.65","284.60","266.15","1.10M","1.19%"
"17-10-2024","277.95","293.00","293.80","276.90","1.47M","-4.63%"
"16-10-2024","291.45","287.60","295.00","285.00","1.20M","1.44%"
"15-10-2024","287.30","294.00","296.00","284.00","1.64M","-0.73%"
"14-10-2024","289.40","286.05","297.75","286.00","1.71M","1.67%"
"11-10-2024","284.65","293.00","296.40","279.35","1.41M","-3.20%"
"10-10-2024","294.05","303.00","304.50","290.05","3.13M","-2.11%"
"09-10-2024","300.40","305.00","312.00","297.90","3.14M","0.30%"
"08-10-2024","299.50","284.00","302.65","279.50","1.90M","3.90%"
"07-10-2024","288.25","305.95","310.00","285.30","11.14M","-4.28%"
"04-10-2024","301.15","324.80","327.75","296.65","11.60M","-7.82%"
"03-10-2024","326.70","333.00","345.70","324.10","10.51M","-1.60%"
"01-10-2024","332.00","339.70","342.00","328.30","11.11M","-1.23%"
"30-09-2024","336.13","329.90","345.40","324.35","22.24M","4.08%"
"27-09-2024","322.95","332.10","335.00","317.15","12.30M","-1.78%"
"26-09-2024","328.79","326.00","338.20","326.00","11.02M","-1.90%"
"25-09-2024","335.16","337.55","346.40","325.10","19.39M","-0.56%"
"24-09-2024","337.04","331.00","351.00","326.63","31.61M","2.28%"
"23-09-2024","329.53","319.40","335.30","310.01","24.39M","4.19%"
"20-09-2024","316.29","284.65","327.70","281.81","56.88M","11.02%"
"19-09-2024","284.89","294.00","304.00","272.33","55.95M","0.76%"
"18-09-2024","282.73","244.00","282.73","239.36","52.20M","20.00%"
"17-09-2024","235.61","218.55","238.00","218.00","21.72M","9.05%"
"16-09-2024","216.05","215.00","223.40","212.01","9.20M","1.64%"
"13-09-2024","212.57","213.37","215.94","211.71","2.06M","-0.41%"
"12-09-2024","213.45","212.50","216.00","208.53","3.58M","1.17%"
"11-09-2024","210.98","217.90","218.40","210.22","4.36M","-2.76%"
"10-09-2024","216.97","214.00","222.80","212.60","8.77M","2.47%"
"09-09-2024","211.75","212.00","214.00","204.50","6.56M","-0.80%"
"06-09-2024","213.45","210.00","216.97","205.40","9.01M","1.66%"
"05-09-2024","209.97","213.90","217.70","208.25","7.29M","-1.03%"
"04-09-2024","212.16","196.00","213.70","195.00","12.14M","7.16%"
"03-09-2024","197.98","205.90","206.74","196.85","3.69M","-3.31%"
"02-09-2024","204.75","209.01","210.00","202.15","4.68M","-2.13%"
"30-08-2024","209.21","214.00","215.96","207.30","6.41M","-1.43%"
"29-08-2024","212.25","214.50","214.80","203.61","9.06M","-0.59%"
"28-08-2024","213.50","212.90","218.53","210.30","11.69M","2.75%"
"27-08-2024","207.79","208.63","211.23","206.00","5.59M","0.50%"
"26-08-2024","206.75","214.00","215.90","205.50","13.75M","-2.37%"
"23-08-2024","211.76","237.49","243.64","201.99","49.96M","-10.16%"
"22-08-2024","235.71","245.00","245.90","232.50","10.45M","-3.04%"
"21-08-2024","243.10","240.00","247.25","238.44","9.28M","1.95%"
"20-08-2024","238.44","227.90","247.30","226.10","19.15M","5.64%"
"19-08-2024","225.71","219.80","229.70","217.48","8.16M","3.55%"
"16-08-2024","217.97","226.00","226.00","214.70","7.77M","-1.05%"
"14-08-2024","220.28","224.99","225.00","213.20","7.64M","-1.16%"
"13-08-2024","222.87","227.40","237.66","220.44","11.53M","-1.41%"
"12-08-2024","226.06","231.00","232.70","225.00","10.46M","-1.72%"
"09-08-2024","230.02","213.00","232.01","209.70","18.91M","10.48%"
"08-08-2024","208.20","215.82","218.80","207.00","6.58M","-2.73%"
"07-08-2024","214.05","194.10","216.30","192.99","10.27M","11.55%"
"06-08-2024","191.89","200.10","205.28","190.10","6.59M","-1.76%"
"05-08-2024","195.33","208.00","212.63","193.50","10.63M","-9.45%"
"02-08-2024","215.72","210.00","219.45","209.63","8.52M","0.60%"
"01-08-2024","214.44","209.18","224.79","207.49","16.90M","3.51%"
"31-07-2024","207.17","203.45","209.80","199.29","7.56M","2.94%"
"30-07-2024","201.26","200.10","205.60","196.60","4.99M","0.95%"
"29-07-2024","199.37","192.99","200.70","191.74","7.74M","4.73%"
"26-07-2024","190.36","194.00","195.88","190.00","2.45M","-0.74%"
"25-07-2024","191.78","182.00","194.30","179.25","4.51M","4.01%"
"24-07-2024","184.39","176.00","186.99","174.60","3.23M","5.26%"
"23-07-2024","175.17","179.49","179.49","169.51","2.52M","-1.46%"
"22-07-2024","177.76","181.00","181.00","176.36","2.04M","-2.19%"
"19-07-2024","181.74","189.30","189.30","181.05","2.20M","-3.33%"
"18-07-2024","188.00","189.58","191.75","186.00","2.13M","-0.83%"
"16-07-2024","189.58","193.10","195.46","189.05","1.92M","-2.47%"
"15-07-2024","194.39","190.20","196.00","187.93","4.28M","1.99%"
"12-07-2024","190.60","192.85","193.55","187.00","2.52M","-0.69%"
"11-07-2024","191.92","190.90","194.71","190.79","2.75M","1.54%"
"10-07-2024","189.00","197.40","197.50","186.90","3.60M","-3.86%"
"09-07-2024","196.58","200.95","201.40","195.61","1.88M","-1.67%"
"08-07-2024","199.91","201.00","203.00","196.11","5.16M","0.39%"
"05-07-2024","199.14","187.90","206.80","185.14","11.54M","6.51%"
"04-07-2024","186.96","186.90","190.70","185.94","2.98M","0.66%"
"03-07-2024","185.74","188.90","189.68","185.00","2.71M","-0.97%"
"02-07-2024","187.55","191.07","192.00","187.00","2.97M","-0.73%"
"01-07-2024","188.93","190.00","194.85","186.02","7.04M","-5.50%"
"28-06-2024","199.93","200.00","207.40","198.40","3.36M","1.13%"
"27-06-2024","197.69","205.55","208.40","194.90","4.25M","-3.76%"
"26-06-2024","205.41","209.24","211.69","203.60","2.30M","-1.43%"
"25-06-2024","208.40","213.50","215.45","206.35","3.26M","-2.33%"
"24-06-2024","213.37","214.95","219.40","212.25","3.62M","-0.67%"
"21-06-2024","214.80","211.21","218.90","209.98","8.80M","0.73%"
"20-06-2024","213.25","208.41","214.80","207.49","5.00M","1.63%"
"19-06-2024","209.82","212.00","216.00","203.56","7.89M","-0.57%"
"18-06-2024","211.03","210.90","213.30","207.60","5.75M","0.98%"
"14-06-2024","208.98","204.45","214.00","201.10","14.30M","2.87%"
"13-06-2024","203.15","194.00","204.70","192.00","12.73M","6.75%"
"12-06-2024","190.30","190.20","196.49","187.20","10.19M","0.53%"
"11-06-2024","189.30","188.50","192.29","186.30","8.02M","2.03%"
"10-06-2024","185.54","175.00","192.07","173.75","15.85M","10.57%"
"07-06-2024","167.80","159.90","169.15","158.60","4.61M","6.44%"
"06-06-2024","157.65","155.95","162.00","152.00","2.89M","5.14%"
"05-06-2024","149.95","158.95","158.95","144.45","4.30M","-3.85%"
"04-06-2024","155.95","172.50","172.50","155.95","3.67M","-9.99%"
"03-06-2024","173.25","179.00","179.95","165.00","2.95M","4.15%"
"31-05-2024","166.35","169.15","169.80","162.80","1.93M","-0.45%"
"30-05-2024","167.10","170.50","171.75","166.50","1.16M","-1.99%"
"29-05-2024","170.50","168.00","172.95","167.40","1.47M","0.95%"
"28-05-2024","168.90","171.50","173.80","167.75","2.53M","-0.65%"
"27-05-2024","170.00","171.80","174.65","169.00","2.28M","-0.67%"
"24-05-2024","171.15","166.70","177.70","165.10","4.51M","3.07%"
"23-05-2024","166.05","168.00","169.30","165.00","1.72M","-0.78%"
"22-05-2024","167.35","167.95","171.65","163.00","2.26M","-0.30%"
"21-05-2024","167.85","171.00","173.15","167.00","1.76M","-1.90%"
"18-05-2024","171.10","170.00","172.50","169.70","329.81K","0.59%"
"17-05-2024","170.10","172.95","173.60","169.10","1.29M","-1.31%"
"16-05-2024","172.35","172.50","174.80","171.20","2.04M","0.44%"
"15-05-2024","171.60","172.50","174.70","170.60","2.02M","0.09%"
"14-05-2024","171.45","165.90","172.90","164.25","3.28M","4.10%"
"13-05-2024","164.70","163.50","166.40","157.95","4.26M","1.07%"
"10-05-2024","162.95","162.50","165.40","157.45","2.36M","1.09%"
"09-05-2024","161.20","166.00","168.70","160.00","3.16M","-3.36%"
"08-05-2024","166.80","171.00","171.55","165.40","2.52M","-2.31%"
"07-05-2024","170.75","167.40","177.65","166.80","5.03M","2.52%"
"06-05-2024","166.55","178.40","179.55","165.50","4.52M","-5.48%"
"03-05-2024","176.20","176.90","179.40","170.50","3.40M","0.43%"
"02-05-2024","175.45","179.75","179.90","174.20","2.50M","-1.38%"
"30-04-2024","177.90","187.00","190.35","176.30","4.02M","-4.25%"
"29-04-2024","185.80","193.25","194.00","185.00","2.20M","-2.67%"
"26-04-2024","190.90","194.70","195.00","190.15","1.93M","-0.91%"
"25-04-2024","192.65","190.00","196.75","189.45","2.89M","0.50%"
"24-04-2024","191.70","194.65","197.90","189.10","4.08M","-0.65%"
"23-04-2024","192.95","197.40","198.65","191.50","2.32M","-1.18%"
"22-04-2024","195.25","198.00","199.55","192.80","3.93M","3.44%"
"19-04-2024","188.75","192.70","192.95","185.20","3.42M","-3.06%"
"18-04-2024","194.70","197.70","200.50","193.00","3.21M","0.26%"
"16-04-2024","194.20","197.90","204.00","192.30","5.15M","-2.88%"
"15-04-2024","199.95","195.00","206.00","189.40","13.18M","1.11%"
"12-04-2024","197.75","182.10","208.70","182.10","42.17M","-13.12%"
"10-04-2024","227.60","286.65","287.30","227.60","16.90M","-20.00%"
"09-04-2024","284.50","287.95","293.05","279.30","2.26M","-1.08%"
"08-04-2024","287.60","301.00","302.70","287.00","3.54M","-3.78%"
"05-04-2024","298.90","290.10","301.70","285.15","5.99M","1.32%"
"04-04-2024","295.00","294.30","308.00","292.30","9.11M","1.10%"
"03-04-2024","291.80","289.50","298.50","286.10","6.52M","0.69%"
"02-04-2024","289.80","269.55","294.00","265.35","7.85M","7.87%"
"01-04-2024","268.65","274.25","277.60","266.95","4.25M","-0.85%"
"28-03-2024","270.95","269.00","274.50","266.25","2.27M","1.50%"
"27-03-2024","266.95","275.70","278.00","264.50","3.48M","-2.47%"
"26-03-2024","273.70","276.90","287.70","271.50","6.04M","-1.32%"
"22-03-2024","277.35","277.00","286.65","272.80","13.00M","2.27%"
"21-03-2024","271.20","254.90","275.85","251.50","14.88M","8.78%"
"20-03-2024","249.30","242.00","253.40","237.35","12.05M","3.96%"
"19-03-2024","239.80","251.75","256.60","236.20","8.76M","-6.31%"
"18-03-2024","255.95","240.70","263.95","236.35","23.87M","7.77%"
"15-03-2024","237.50","212.00","243.70","206.25","11.63M","10.85%"
"14-03-2024","214.25","191.00","216.50","187.35","5.70M","14.63%"
"13-03-2024","186.90","218.50","220.60","181.60","6.05M","-14.09%"
"12-03-2024","217.55","225.90","230.95","212.20","3.69M","-2.73%"
"11-03-2024","223.65","222.65","231.55","221.00","2.62M","1.11%"
"07-03-2024","221.20","218.00","224.90","215.90","2.30M","1.31%"
"06-03-2024","218.35","226.00","226.85","214.05","2.92M","-3.68%"
"05-03-2024","226.70","228.60","230.20","225.20","1.39M","-0.90%"
"04-03-2024","228.75","226.00","233.80","223.10","2.17M","1.19%"
"02-03-2024","226.05","222.95","227.70","221.95","462.54K","1.25%"
"01-03-2024","223.25","221.45","226.80","220.70","1.90M","1.06%"
"29-02-2024","220.90","212.00","223.35","209.80","4.00M","4.15%"
"28-02-2024","212.10","222.00","222.00","209.55","3.71M","-3.83%"
"27-02-2024","220.55","228.00","230.40","219.15","1.88M","-3.50%"
"26-02-2024","228.55","228.40","236.80","227.50","2.54M","0.02%"
"23-02-2024","228.50","230.40","238.70","227.20","3.31M","-0.41%"
"22-02-2024","229.45","234.00","234.00","225.95","2.22M","-1.52%"
"21-02-2024","233.00","243.30","245.25","231.15","3.18M","-3.40%"
"20-02-2024","241.20","244.00","247.95","236.75","3.83M","-0.68%"
"19-02-2024","242.85","229.90","251.70","225.30","9.26M","7.81%"
"16-02-2024","225.25","232.00","235.50","224.55","2.33M","-3.88%"
"15-02-2024","234.35","233.85","242.50","228.00","5.71M","2.27%"
"14-02-2024","229.15","208.10","239.00","207.15","11.08M","9.04%"
"13-02-2024","210.15","201.25","213.80","194.00","4.08M","3.91%"
"12-02-2024","202.25","210.00","215.05","200.20","2.86M","-5.05%"
"09-02-2024","213.00","215.00","215.90","205.45","2.22M","-0.21%"
"08-02-2024","213.45","217.45","222.30","211.00","3.54M","-1.39%"
"07-02-2024","216.45","223.00","223.55","214.60","3.40M","0.70%"
"06-02-2024","214.95","215.10","216.00","212.10","1.27M","0.21%"
"05-02-2024","214.50","221.95","222.20","213.50","1.62M","-3.36%"
"02-02-2024","221.95","225.90","226.15","219.70","1.66M","-1.18%"
"01-02-2024","224.60","233.45","233.45","223.65","1.42M","-2.79%"
"31-01-2024","231.05","230.00","235.00","229.90","1.74M","-0.22%"
"30-01-2024","231.55","230.25","235.95","226.50","3.03M","1.58%"
"29-01-2024","227.95","219.95","233.90","219.00","4.47M","5.90%"
"25-01-2024","215.25","213.65","217.90","212.45","1.65M","0.87%"
"24-01-2024","213.40","208.35","215.00","205.10","1.66M","2.42%"
"23-01-2024","208.35","222.65","223.85","206.85","2.27M","-6.30%"
"20-01-2024","222.35","217.95","226.90","216.55","1.86M","2.58%"
"19-01-2024","216.75","220.85","221.85","214.60","1.73M","-0.98%"
"18-01-2024","218.90","217.10","222.00","210.25","2.87M","0.74%"
"17-01-2024","217.30","218.40","224.00","214.90","2.53M","-2.07%"
"16-01-2024","221.90","232.00","235.95","218.75","3.34M","-4.62%"
"15-01-2024","232.65","239.90","239.90","229.50","2.41M","-2.43%"
"12-01-2024","238.45","241.80","242.30","236.50","2.59M","-0.60%"
"11-01-2024","239.90","241.50","245.95","237.80","3.33M","1.03%"
"10-01-2024","237.45","240.35","242.95","233.55","3.62M","0.25%"
"09-01-2024","236.85","243.50","248.45","235.35","4.10M","-1.72%"
"08-01-2024","241.00","231.00","247.00","229.30","8.68M","4.97%"
"05-01-2024","229.60","233.00","235.00","227.00","5.63M","-0.84%"
"04-01-2024","231.55","218.00","234.60","217.20","9.66M","7.62%"
"03-01-2024","215.15","207.95","228.50","206.20","8.93M","3.46%"
"02-01-2024","207.95","212.45","213.40","203.25","2.94M","-1.82%"
"01-01-2024","211.80","211.00","216.30","209.80","4.87M","0.95%"
"29-12-2023","209.80","190.50","209.85","190.50","8.03M","9.96%"
"28-12-2023","190.80","196.00","196.00","190.10","1.25M","-2.00%"
"27-12-2023","194.70","197.95","200.90","193.90","1.49M","-1.04%"
"26-12-2023","196.75","195.70","199.95","191.65","1.99M","1.92%"
"22-12-2023","193.05","196.40","198.00","190.00","1.52M","-0.18%"
"21-12-2023","193.40","189.00","194.80","185.55","3.27M","1.36%"
"20-12-2023","190.80","210.70","211.95","189.25","3.65M","-8.99%"
"19-12-2023","209.65","214.30","217.20","208.55","1.73M","-1.78%"
"18-12-2023","213.45","210.00","217.60","208.80","2.02M","1.76%"
"15-12-2023","209.75","214.50","217.75","207.50","2.17M","-2.26%"
"14-12-2023","214.60","217.00","218.80","212.80","1.77M","-0.56%"
"13-12-2023","215.80","211.95","217.90","211.95","1.86M","1.96%"
"12-12-2023","211.65","219.25","220.90","210.00","2.68M","-3.22%"
"11-12-2023","218.70","216.40","224.95","215.20","2.85M","1.84%"
"08-12-2023","214.75","221.00","225.45","210.05","4.35M","-2.61%"
"07-12-2023","220.50","217.40","232.00","208.25","9.65M","3.81%"
"06-12-2023","212.40","205.00","212.40","203.65","4.26M","4.99%"
"05-12-2023","202.30","193.00","202.30","190.15","6.23M","4.98%"
"04-12-2023","192.70","197.95","198.70","192.15","2.27M","-0.70%"
"01-12-2023","194.05","192.05","196.40","191.00","3.61M","2.27%"
"30-11-2023","189.75","186.50","192.40","181.25","4.12M","1.61%"
"29-11-2023","186.75","178.70","186.75","177.90","2.16M","4.97%"
"28-11-2023","177.90","172.75","182.05","172.35","1.94M","2.57%"
"24-11-2023","173.45","175.00","176.80","171.70","842.25K","-0.46%"
"23-11-2023","174.25","175.00","178.60","173.85","1.12M","-0.34%"
"22-11-2023","174.85","179.90","180.00","172.80","1.30M","-2.62%"
"21-11-2023","179.55","183.50","184.20","179.00","656.05K","-1.75%"
"20-11-2023","182.75","187.40","187.40","182.10","846.97K","-1.75%"
"17-11-2023","186.00","181.25","190.30","181.25","3.93M","2.09%"
"16-11-2023","182.20","182.60","186.65","181.10","1.42M","0.25%"
"15-11-2023","181.75","183.20","184.90","180.35","1.40M","0.33%"
"13-11-2023","181.15","178.25","183.60","177.55","1.68M","1.51%"
"12-11-2023","178.45","179.20","179.80","177.80","225.30K","0.65%"
"10-11-2023","177.30","176.00","180.00","175.25","897.96K","-0.45%"
"09-11-2023","178.10","179.90","184.35","177.30","1.59M","-0.56%"
"08-11-2023","179.10","185.50","185.85","177.10","1.79M","-3.48%"
"07-11-2023","185.55","184.45","187.00","181.20","1.96M","1.20%"
"06-11-2023","183.35","181.80","186.00","179.00","1.35M","1.75%"
"03-11-2023","180.20","177.00","181.50","172.85","1.74M","1.84%"
"02-11-2023","176.95","174.80","178.00","172.20","1.09M","2.73%"
"01-11-2023","172.25","169.25","174.75","169.25","731.04K","1.77%"
"31-10-2023","169.25","168.75","171.00","165.50","473.29K","0.74%"
"30-10-2023","168.00","163.10","169.80","160.95","604.36K","3.10%"
"27-10-2023","162.95","159.00","164.70","159.00","558.13K","2.45%"
"26-10-2023","159.05","159.90","159.90","154.75","1.13M","-2.00%"
"25-10-2023","162.30","168.00","170.60","161.30","1.30M","-4.39%"
"23-10-2023","169.75","178.65","179.70","169.75","678.36K","-4.98%"
"20-10-2023","178.65","173.95","181.30","172.40","1.23M","2.17%"
"19-10-2023","174.85","168.55","175.50","166.50","805.05K","3.34%"
"18-10-2023","169.20","173.00","173.80","167.75","743.98K","-1.83%"
"17-10-2023","172.35","172.80","173.25","170.00","616.34K","0.94%"
"16-10-2023","170.75","168.05","171.85","166.00","458.86K","1.67%"
"13-10-2023","167.95","168.00","170.25","167.00","611.48K","-0.83%"
"12-10-2023","169.35","170.20","171.75","168.90","395.11K","-0.67%"
"11-10-2023","170.50","171.90","173.20","170.00","896.55K","-0.20%"
"10-10-2023","170.85","170.65","173.00","169.00","559.70K","-0.23%"
"09-10-2023","171.25","171.65","172.40","166.05","666.86K","-0.23%"
"06-10-2023","171.65","172.50","174.00","170.70","228.83K","-0.32%"
"05-10-2023","172.20","172.50","173.90","167.65","931.66K","1.06%"
"04-10-2023","170.40","173.10","175.00","168.15","443.03K","-2.27%"
"03-10-2023","174.35","174.90","176.80","173.00","547.21K","0.61%"
"29-09-2023","173.30","172.80","175.00","172.15","280.13K","1.40%"
"28-09-2023","170.90","172.65","176.00","170.45","714.01K","-1.01%"
"27-09-2023","172.65","171.00","176.00","171.00","487.30K","0.96%"
"26-09-2023","171.00","173.00","175.70","169.10","558.18K","-1.47%"
"25-09-2023","173.55","176.00","177.25","172.10","349.05K","-1.25%"
"22-09-2023","175.75","174.10","178.00","173.10","876.80K","0.34%"
"21-09-2023","175.15","174.70","178.00","174.20","472.73K","0.83%"
"20-09-2023","173.70","177.80","179.90","172.50","699.50K","-2.33%"
"18-09-2023","177.85","183.00","184.40","176.00","1.01M","-3.21%"
"15-09-2023","183.75","176.00","184.05","172.50","2.38M","4.82%"
"14-09-2023","175.30","173.95","180.25","173.95","684.12K","1.53%"
"13-09-2023","172.65","172.85","178.90","165.60","1.68M","-0.60%"
"12-09-2023","173.70","184.70","184.90","173.70","889.08K","-5.00%"
"11-09-2023","182.85","188.25","189.00","182.10","521.84K","-1.96%"
"08-09-2023","186.50","191.80","192.25","185.50","700.19K","-1.74%"
"07-09-2023","189.80","191.00","193.05","187.25","807.04K","-0.32%"
"06-09-2023","190.40","192.85","196.20","188.50","1.34M","-0.21%"
"05-09-2023","190.80","194.00","194.00","188.00","959.88K","-1.09%"
"04-09-2023","192.90","187.90","195.50","181.50","1.55M","3.21%"
"01-09-2023","186.90","187.90","189.10","185.20","784.30K","0.08%"
"31-08-2023","186.75","189.85","190.40","182.15","1.06M","-0.69%"
"30-08-2023","188.05","189.00","190.40","185.40","1.22M","1.92%"
"29-08-2023","184.50","178.40","185.25","175.25","1.40M","3.71%"
"28-08-2023","177.90","177.15","180.80","172.20","783.22K","0.37%"
"25-08-2023","177.25","178.00","182.40","172.55","1.09M","-0.03%"
"24-08-2023","177.30","183.00","186.90","173.10","1.97M","-0.92%"
"23-08-2023","178.95","174.50","178.95","173.00","2.38M","4.99%"
"22-08-2023","170.45","164.00","170.45","162.35","1.40M","4.99%"
"21-08-2023","162.35","162.40","163.55","160.75","990.77K","1.09%"
"18-08-2023","160.60","158.50","162.90","155.65","1.11M","1.61%"
"17-08-2023","158.05","163.90","165.25","156.00","1.26M","-3.04%"
"16-08-2023","163.00","158.60","169.80","158.60","3.42M","-2.37%"
"14-08-2023","166.95","172.15","173.50","158.55","5.56M","-1.79%"
"11-08-2023","170.00","176.85","180.00","166.75","7.13M","-3.33%"
"10-08-2023","175.85","192.50","194.00","172.50","6.11M","-8.15%"
"09-08-2023","191.45","192.50","196.10","186.00","5.27M","-1.67%"
"08-08-2023","194.70","210.40","210.40","192.90","5.46M","-7.31%"
"07-08-2023","210.05","201.95","215.50","201.95","14.48M","5.47%"
"04-08-2023","199.15","189.00","201.40","188.15","11.51M","6.47%"
"03-08-2023","187.05","182.00","188.55","178.00","6.90M","3.23%"
"02-08-2023","181.20","182.75","186.25","175.50","5.86M","-1.41%"
"01-08-2023","183.80","187.00","188.55","180.50","4.47M","-2.67%"
"31-07-2023","188.85","184.65","190.90","183.10","5.92M","2.16%"
"28-07-2023","184.85","180.00","186.30","176.65","8.73M","3.50%"
"27-07-2023","178.60","172.25","181.00","172.10","7.96M","4.47%"
"26-07-2023","170.95","176.05","178.30","168.90","5.08M","-2.43%"
"25-07-2023","175.20","163.70","176.40","160.90","10.42M","7.75%"
"24-07-2023","162.60","164.30","168.15","161.60","4.92M","-0.28%"
"21-07-2023","163.05","161.75","170.40","159.10","14.94M","0.40%"
"20-07-2023","162.40","156.00","168.00","155.65","20.55M","4.88%"
"19-07-2023","154.85","142.40","157.20","140.05","20.74M","9.28%"
"18-07-2023","141.70","135.50","147.25","135.40","11.13M","4.96%"
"17-07-2023","135.00","137.00","137.25","134.75","1.34M","-0.84%"
"14-07-2023","136.15","136.50","137.10","135.35","979.56K","-0.22%"
"13-07-2023","136.45","138.35","139.05","135.25","1.49M","-0.80%"
"12-07-2023","137.55","137.80","139.90","136.80","1.80M","0.55%"
"11-07-2023","136.80","136.80","141.40","136.25","2.43M","0.85%"
"10-07-2023","135.65","139.00","139.30","135.05","1.03M","-2.13%"
"07-07-2023","138.60","139.00","140.50","136.75","1.95M","-0.11%"
"06-07-2023","138.75","138.90","141.40","137.95","2.52M","0.18%"
"05-07-2023","138.50","137.85","144.40","137.25","4.17M","1.02%"
"04-07-2023","137.10","140.50","141.00","136.70","1.90M","-1.83%"
"03-07-2023","139.65","139.35","141.60","137.50","1.74M","1.01%"
"30-06-2023","138.25","140.20","140.80","138.00","902.09K","-0.50%"
"28-06-2023","138.95","142.60","143.50","138.00","1.38M","-1.63%"
"27-06-2023","141.25","141.40","143.25","140.05","1.81M","0.75%"
"26-06-2023","140.20","144.20","144.50","138.85","2.03M","-2.13%"
"23-06-2023","143.25","145.60","145.60","142.45","1.34M","-1.31%"
"22-06-2023","145.15","148.45","151.30","143.50","1.98M","-1.76%"
"21-06-2023","147.75","147.20","149.75","145.55","2.29M","0.85%"
"20-06-2023","146.50","151.85","152.20","145.35","3.10M","-2.82%"
"19-06-2023","150.75","153.50","158.00","150.00","7.33M","-0.53%"
"16-06-2023","151.55","150.75","155.25","150.70","5.27M","1.41%"
"15-06-2023","149.45","149.85","153.20","148.20","4.48M","-0.33%"
"14-06-2023","149.95","144.70","152.50","143.05","9.26M","4.24%"
"13-06-2023","143.85","140.65","146.30","140.25","4.67M","3.19%"
"12-06-2023","139.40","137.70","141.85","136.90","3.50M","1.60%"
"09-06-2023","137.20","138.15","138.75","135.80","1.29M","0.11%"
"08-06-2023","137.05","136.30","143.20","136.10","3.66M","0.74%"
"07-06-2023","136.05","133.55","139.00","132.35","4.04M","2.68%"
"06-06-2023","132.50","133.70","134.10","131.50","1.34M","-0.23%"
"05-06-2023","132.80","135.80","136.45","132.20","1.40M","-1.34%"
"02-06-2023","134.60","134.95","138.55","134.00","1.63M","0.49%"
"01-06-2023","133.95","134.60","137.20","133.50","1.29M","-0.56%"
"31-05-2023","134.70","134.35","137.50","132.25","3.10M","-2.81%"
"30-05-2023","138.60","139.85","141.20","138.00","1.08M","-0.75%"
"29-05-2023","139.65","138.70","140.90","138.15","1.31M","1.20%"
"26-05-2023","138.00","139.60","142.10","137.20","2.14M","-0.65%"
"25-05-2023","138.90","139.35","145.40","137.70","4.04M","0.22%"
"24-05-2023","138.60","139.40","144.00","137.50","2.16M","-0.75%"
"23-05-2023","139.65","134.75","145.80","133.60","5.90M","3.71%"
"22-05-2023","134.65","138.30","138.75","133.85","1.18M","-2.04%"
"19-05-2023","137.45","137.00","140.40","131.40","3.97M","1.14%"
"18-05-2023","135.90","138.35","140.50","135.00","2.06M","-0.88%"
"17-05-2023","137.10","141.00","142.45","136.40","1.35M","-2.70%"
"16-05-2023","140.90","143.50","147.10","140.55","1.87M","-2.25%"
"15-05-2023","144.15","146.65","147.40","143.50","851.36K","-1.67%"
"12-05-2023","146.60","147.85","150.30","146.05","1.12M","-0.85%"
"11-05-2023","147.85","148.90","149.95","146.50","1.33M","-0.64%"
"10-05-2023","148.80","150.95","151.70","147.75","839.84K","-1.00%"
"09-05-2023","150.30","151.10","153.40","148.45","1.73M","-1.41%"
"08-05-2023","152.45","155.10","156.00","151.10","1.16M","-0.75%"
"05-05-2023","153.60","153.80","157.50","152.15","1.74M","-0.61%"
"04-05-2023","154.55","154.40","157.80","153.60","1.64M","0.52%"
"03-05-2023","153.75","154.00","156.80","150.85","1.73M","-0.77%"
"02-05-2023","154.95","158.95","159.45","154.30","1.26M","-1.65%"
"28-04-2023","157.55","161.70","163.10","155.90","1.85M","-1.96%"
"27-04-2023","160.70","154.20","163.15","153.20","5.21M","4.62%"
"26-04-2023","153.60","157.80","158.65","153.10","1.27M","-2.72%"
"25-04-2023","157.90","157.95","160.80","157.40","1.78M","0.03%"
"24-04-2023","157.85","160.80","161.40","156.75","1.11M","-0.94%"
"21-04-2023","159.35","160.30","163.85","157.30","2.66M","-0.13%"
"20-04-2023","159.55","160.30","161.45","158.65","1.53M","0.22%"
"19-04-2023","159.20","159.05","164.20","157.30","2.81M","-0.28%"
"18-04-2023","159.65","161.35","163.00","158.25","1.99M","-1.45%"
"17-04-2023","162.00","164.50","166.05","160.55","2.63M","-2.14%"
"13-04-2023","165.55","155.00","168.85","154.45","6.24M","6.33%"
"12-04-2023","155.70","157.90","159.70","155.05","2.69M","-1.05%"
"11-04-2023","157.35","147.95","161.25","147.55","7.88M","7.19%"
"10-04-2023","146.80","151.90","152.80","146.05","1.18M","-3.04%"
"06-04-2023","151.40","151.80","155.25","149.90","2.21M","0.00%"
"05-04-2023","151.40","146.95","154.20","145.55","2.72M","3.42%"
"03-04-2023","146.40","145.90","147.50","145.10","1.07M","1.49%"
"31-03-2023","144.25","142.85","145.65","142.60","2.36M","1.91%"
"29-03-2023","141.55","136.55","143.90","135.75","3.52M","2.95%"
"28-03-2023","137.50","142.45","142.95","136.50","1.30M","-3.31%"
"27-03-2023","142.20","144.45","144.80","141.60","1.05M","-0.63%"
"24-03-2023","143.10","148.30","149.35","142.40","1.20M","-3.44%"
"23-03-2023","148.20","148.65","151.00","147.25","1.36M","-0.47%"
"22-03-2023","148.90","147.60","150.40","146.45","1.22M","1.40%"
"21-03-2023","146.85","149.05","150.60","145.50","1.65M","-0.81%"
"20-03-2023","148.05","149.00","154.70","144.85","4.21M","-0.40%"
"17-03-2023","148.65","143.10","153.00","143.10","10.47M","5.24%"
"16-03-2023","141.25","146.50","146.50","140.65","1.37M","-3.72%"
"15-03-2023","146.70","146.95","149.20","144.55","2.24M","1.66%"
"14-03-2023","144.30","140.10","145.80","135.75","2.06M","3.33%"
"13-03-2023","139.65","147.20","148.20","138.15","2.05M","-5.16%"
"10-03-2023","147.25","144.75","149.40","142.65","3.01M","0.61%"
"09-03-2023","146.35","153.50","155.40","143.50","3.54M","-4.84%"
"08-03-2023","153.80","140.80","154.85","138.95","5.07M","9.23%"
"06-03-2023","140.80","143.90","145.80","139.60","2.04M","-1.71%"
"03-03-2023","143.25","136.80","144.60","135.50","3.57M","5.49%"
"02-03-2023","135.80","137.45","139.40","133.75","1.80M","0.07%"
"01-03-2023","135.70","133.20","137.00","131.30","2.43M","3.83%"
"28-02-2023","130.70","128.55","132.80","127.00","2.20M","2.31%"
"27-02-2023","127.75","126.95","136.50","126.00","5.04M","0.63%"
"24-02-2023","126.95","117.95","127.35","116.80","3.50M","9.63%"
"23-02-2023","115.80","119.00","119.00","114.60","1.11M","-2.32%"
"22-02-2023","118.55","120.45","120.60","117.10","1.55M","-1.86%"
"21-02-2023","120.80","124.20","124.55","120.00","763.74K","-2.30%"
"20-02-2023","123.65","127.50","127.70","122.65","1.27M","-2.68%"
"17-02-2023","127.05","130.95","131.70","125.85","1.16M","-1.93%"
"16-02-2023","129.55","129.75","131.65","128.10","657.34K","0.86%"
"15-02-2023","128.45","123.90","128.90","122.50","1.16M","4.18%"
"14-02-2023","123.30","128.20","129.00","122.30","822.49K","-3.33%"
"13-02-2023","127.55","132.15","134.50","126.50","1.08M","-2.60%"
"10-02-2023","130.95","127.20","132.00","126.65","858.59K","2.87%"
"09-02-2023","127.30","124.45","129.30","123.60","1.15M","3.04%"
"08-02-2023","123.55","123.90","125.00","122.50","608.66K","0.24%"
"07-02-2023","123.25","125.00","126.45","122.10","658.42K","-0.96%"
"06-02-2023","124.45","119.70","126.60","119.50","1.21M","2.51%"
"03-02-2023","121.40","121.00","124.60","115.35","1.57M","0.08%"
"02-02-2023","121.30","122.05","125.90","118.80","1.16M","-0.78%"
"01-02-2023","122.25","127.00","130.70","120.35","1.37M","-2.28%"
"31-01-2023","125.10","121.00","125.10","119.35","881.51K","4.99%"
"30-01-2023","119.15","120.10","123.80","117.55","1.21M","-2.26%"
"27-01-2023","121.90","128.05","130.40","121.75","1.35M","-4.88%"
"25-01-2023","128.15","132.05","132.90","127.65","742.82K","-2.99%"
"24-01-2023","132.10","135.05","135.15","131.75","469.02K","-1.20%"
"23-01-2023","133.70","139.00","139.00","132.90","591.74K","-1.87%"
"20-01-2023","136.25","137.50","140.30","135.70","1.40M","-0.91%"
"19-01-2023","137.50","139.25","142.75","137.00","749.35K","-1.43%"
"18-01-2023","139.50","141.90","142.85","139.00","718.45K","-1.27%"
"17-01-2023","141.30","141.60","145.00","140.25","1.64M","1.47%"
"16-01-2023","139.25","134.15","139.25","133.80","716.38K","4.98%"
"13-01-2023","132.65","133.00","134.45","131.55","760.92K","0.26%"
"12-01-2023","132.30","135.10","135.60","131.50","727.93K","-1.49%"
"11-01-2023","134.30","134.10","135.25","132.85","537.86K","0.98%"
"10-01-2023","133.00","136.40","136.65","132.70","481.50K","-1.52%"
"09-01-2023","135.05","132.55","135.80","131.50","820.58K","3.73%"
"06-01-2023","130.20","134.40","134.50","129.80","1.13M","-2.65%"
"05-01-2023","133.75","137.80","137.90","131.95","1.12M","-1.98%"
"04-01-2023","136.45","138.90","140.50","135.00","838.29K","-1.55%"
"03-01-2023","138.60","137.70","142.30","137.50","788.90K","0.54%"
"02-01-2023","137.85","139.45","139.90","136.85","643.83K","0.11%"
"30-12-2022","137.70","136.70","140.85","136.50","950.38K","1.40%"
"29-12-2022","135.80","136.50","137.05","133.60","880.83K","-0.51%"
"28-12-2022","136.50","134.70","141.30","134.35","2.10M","1.41%"
"27-12-2022","134.60","129.10","134.60","127.40","1.94M","4.99%"
"26-12-2022","128.20","125.00","132.40","122.30","4.06M","-0.39%"
"23-12-2022","128.70","131.10","133.00","128.70","1.48M","-4.98%"
"22-12-2022","135.45","142.40","144.00","135.45","1.97M","-4.98%"
"21-12-2022","142.55","150.55","150.80","142.35","1.53M","-4.84%"
"20-12-2022","149.80","151.00","152.00","148.20","654.97K","-0.56%"
"19-12-2022","150.65","151.70","152.95","149.50","646.77K","-0.30%"
"16-12-2022","151.10","151.90","154.70","149.60","1.93M","1.48%"
"15-12-2022","148.90","154.00","155.70","148.85","2.18M","-4.95%"
"14-12-2022","156.65","155.60","161.70","153.15","3.11M","-0.38%"
"13-12-2022","157.25","164.00","164.00","156.75","1.94M","-2.81%"
"12-12-2022","161.80","155.25","162.45","153.00","2.97M","4.56%"
"09-12-2022","154.75","155.30","160.70","154.10","1.38M","0.45%"
"08-12-2022","154.05","154.20","156.80","152.10","596.75K","-0.10%"
"07-12-2022","154.20","157.55","157.70","152.55","651.01K","-1.41%"
"06-12-2022","156.40","155.50","160.65","155.30","1.09M","-0.95%"
"05-12-2022","157.90","164.35","164.35","157.15","945.77K","-3.07%"
"02-12-2022","162.90","158.00","163.75","154.10","1.60M","4.36%"
"01-12-2022","156.10","157.00","159.10","154.85","697.20K","-1.01%"
"30-11-2022","157.70","155.00","160.90","153.10","2.69M","2.30%"
"29-11-2022","154.15","154.35","158.00","152.10","801.79K","0.33%"
"28-11-2022","153.65","154.40","159.20","153.00","1.22M","-0.42%"
"25-11-2022","154.30","147.70","154.40","144.95","1.57M","4.93%"
"24-11-2022","147.05","143.50","150.50","143.50","387.24K","0.62%"
"23-11-2022","146.15","142.40","147.85","141.50","496.35K","3.43%"
"22-11-2022","141.30","147.00","147.00","140.00","478.05K","-2.72%"
"21-11-2022","145.25","147.50","148.40","144.35","428.06K","-1.63%"
"18-11-2022","147.65","147.35","152.25","147.25","561.95K","1.10%"
"17-11-2022","146.05","148.55","150.45","145.60","528.09K","-1.75%"
"16-11-2022","148.65","151.00","153.20","147.65","607.05K","-1.78%"
"15-11-2022","151.35","152.30","156.70","150.65","609.98K","-1.34%"
"14-11-2022","153.40","149.25","153.50","145.00","1.28M","4.92%"
"11-11-2022","146.20","144.40","148.80","142.85","602.58K","2.35%"
"10-11-2022","142.85","146.95","148.40","141.50","467.48K","-2.59%"
"09-11-2022","146.65","154.90","154.95","145.65","704.57K","-4.12%"
"07-11-2022","152.95","147.80","153.90","145.10","1.09M","3.94%"
"04-11-2022","147.15","139.20","147.15","139.00","757.94K","4.99%"
"03-11-2022","140.15","140.05","142.30","139.20","198.58K","-0.28%"
"02-11-2022","140.55","142.00","142.00","139.00","258.41K","-0.07%"
"01-11-2022","140.65","140.25","143.00","138.10","288.24K","-0.57%"
"31-10-2022","141.45","143.80","144.00","138.30","531.69K","-0.32%"
"28-10-2022","141.90","142.00","144.00","140.50","455.80K","0.04%"
"27-10-2022","141.85","142.40","142.90","139.10","524.26K","0.18%"
"25-10-2022","141.60","143.00","143.00","139.00","426.23K","0.04%"
"24-10-2022","141.55","142.20","142.50","140.55","171.76K","1.72%"
"21-10-2022","139.15","140.00","144.00","137.75","618.42K","0.04%"
"20-10-2022","139.10","142.50","142.50","138.70","319.17K","-1.59%"
"19-10-2022","141.35","143.05","143.90","138.00","821.54K","-1.64%"
"18-10-2022","143.70","140.40","145.60","140.00","1.13M","3.60%"
"17-10-2022","138.70","139.20","143.50","135.75","1.03M","-0.11%"
"14-10-2022","138.85","144.90","145.70","138.25","686.74K","-2.46%"
"13-10-2022","142.35","143.05","145.30","140.15","536.79K","-0.25%"
"12-10-2022","142.70","146.00","147.00","142.40","922.60K","-4.77%"
"11-10-2022","149.85","154.35","155.75","149.85","907.92K","-4.98%"
"10-10-2022","157.70","156.00","159.15","155.00","1.68M","4.02%"
"07-10-2022","151.60","149.60","151.60","146.80","787.01K","4.99%"
"06-10-2022","144.40","138.00","144.40","136.60","708.23K","4.98%"
"04-10-2022","137.55","138.00","139.80","136.10","423.87K","1.55%"
"03-10-2022","135.45","137.50","139.90","135.00","646.76K","-0.91%"
"30-09-2022","136.70","137.00","140.00","134.00","672.17K","-0.69%"
"29-09-2022","137.65","139.50","141.40","136.00","460.44K","0.95%"
"28-09-2022","136.35","137.50","143.00","135.30","673.61K","-1.45%"
"27-09-2022","138.35","138.95","142.00","136.00","489.74K","0.84%"
"26-09-2022","137.20","143.00","144.15","136.95","954.42K","-4.82%"
"23-09-2022","144.15","146.15","147.40","142.65","686.33K","-1.37%"
"22-09-2022","146.15","145.05","152.10","141.50","998.65K","-0.41%"
"21-09-2022","146.75","154.45","155.00","146.75","1.20M","-4.99%"
"20-09-2022","154.45","153.50","157.70","151.50","817.93K","1.75%"
"19-09-2022","151.80","158.00","159.05","150.00","955.46K","-2.91%"
"16-09-2022","156.35","154.00","159.80","152.50","1.49M","1.23%"
"15-09-2022","154.45","158.00","161.30","150.30","1.74M","-1.91%"
"14-09-2022","157.45","157.60","166.00","157.25","1.83M","-4.86%"
"13-09-2022","165.50","172.90","173.00","165.50","1.40M","-4.99%"
"12-09-2022","174.20","167.00","178.00","165.30","8.49M","7.23%"
"09-09-2022","162.45","180.00","181.00","162.30","9.76M","-9.90%"
"08-09-2022","180.30","182.70","186.50","179.30","4.69M","-0.22%"
"07-09-2022","180.70","178.05","187.35","177.70","6.18M","1.09%"
"06-09-2022","178.75","184.35","186.40","176.40","6.70M","-2.16%"
"05-09-2022","182.70","180.20","193.80","175.00","20.71M","1.98%"
"02-09-2022","179.15","196.85","201.35","176.35","28.62M","-7.58%"
"01-09-2022","193.85","161.00","194.40","160.40","39.08M","19.66%"
"30-08-2022","162.00","160.95","164.95","158.10","7.92M","2.05%"
"29-08-2022","158.75","152.80","168.60","151.65","19.84M","0.89%"
"26-08-2022","157.35","141.45","164.40","141.05","29.00M","12.59%"
"25-08-2022","139.75","141.50","143.25","138.30","3.06M","0.04%"
"24-08-2022","139.70","135.00","144.45","134.70","6.96M","0.72%"
"23-08-2022","138.70","140.40","144.30","135.55","6.31M","-1.42%"
"22-08-2022","140.70","135.00","146.45","134.80","14.00M","3.76%"
"19-08-2022","135.60","130.90","138.60","130.20","10.44M","4.39%"
"18-08-2022","129.90","122.55","133.60","122.05","8.98M","6.65%"
"17-08-2022","121.80","117.10","123.45","116.35","3.66M","4.50%"
"16-08-2022","116.55","116.40","118.30","115.90","1.57M","1.22%"
"12-08-2022","115.15","115.50","118.20","114.60","1.75M","-0.17%"
"11-08-2022","115.35","118.25","118.70","114.50","1.63M","-1.87%"
"10-08-2022","117.55","116.50","119.80","114.50","2.83M","1.47%"
"08-08-2022","115.85","120.85","120.85","114.40","2.70M","-3.46%"
"05-08-2022","120.00","122.00","124.00","119.05","1.74M","-1.11%"
"04-08-2022","121.35","125.90","126.65","116.20","2.99M","-2.96%"
"03-08-2022","125.05","128.85","129.90","124.15","3.06M","-2.84%"
"02-08-2022","128.70","122.90","131.45","122.20","6.26M","4.42%"
"01-08-2022","123.25","117.25","124.60","115.80","4.58M","5.25%"
"29-07-2022","117.10","114.50","119.00","110.70","3.15M","2.49%"
"28-07-2022","114.25","117.50","117.70","113.50","1.52M","-1.38%"
"27-07-2022","115.85","115.20","119.90","114.50","4.30M","1.71%"
"26-07-2022","113.90","104.25","121.80","104.00","13.61M","9.26%"
"25-07-2022","104.25","104.50","104.95","103.50","913.59K","-0.24%"
"22-07-2022","104.50","106.40","107.00","103.65","1.21M","-1.23%"
"21-07-2022","105.80","104.65","107.00","103.80","1.90M","1.34%"
"20-07-2022","104.40","103.60","106.00","102.80","1.91M","2.05%"
"19-07-2022","102.30","101.75","104.60","100.70","1.98M","0.05%"
"18-07-2022","102.25","101.10","103.00","101.00","1.14M","2.82%"
"15-07-2022","99.45","100.35","101.15","98.80","773.18K","-0.95%"
"14-07-2022","100.40","102.80","102.80","99.50","863.78K","-1.23%"
"13-07-2022","101.65","103.30","103.85","101.00","1.37M","-0.93%"
"12-07-2022","102.60","100.70","105.50","100.05","2.25M","1.23%"
"11-07-2022","101.35","95.00","102.80","94.20","3.02M","6.91%"
"08-07-2022","94.80","95.70","95.85","93.50","1.36M","-0.11%"
"07-07-2022","94.90","92.90","95.90","91.90","1.53M","3.43%"
"06-07-2022","91.75","93.20","93.40","91.30","533.62K","-1.50%"
"05-07-2022","93.15","95.00","95.95","92.60","839.57K","-1.43%"
"04-07-2022","94.50","92.15","94.90","91.10","1.05M","3.73%"
"01-07-2022","91.10","90.60","91.85","88.25","1.18M","0.55%"
"30-06-2022","90.60","92.25","93.40","90.40","715.39K","-1.63%"
"29-06-2022","92.10","91.50","94.85","91.10","1.13M","-0.11%"
"28-06-2022","92.20","92.75","93.25","91.60","852.56K","-0.97%"
"27-06-2022","93.10","92.00","95.00","91.65","1.49M","2.65%"
"24-06-2022","90.70","91.50","92.50","90.45","1.13M","0.44%"
"23-06-2022","90.30","92.00","93.75","89.20","1.44M","-0.99%"
"22-06-2022","91.20","93.90","95.00","90.50","1.21M","-3.49%"
"21-06-2022","94.50","91.90","94.90","89.50","1.73M","4.25%"
"20-06-2022","90.65","95.80","96.65","80.80","2.74M","-5.18%"
"17-06-2022","95.60","95.55","97.45","94.55","1.73M","0.21%"
"16-06-2022","95.40","97.00","98.90","94.20","3.44M","-0.10%"
"15-06-2022","95.50","97.85","99.10","95.00","2.20M","-0.26%"
"14-06-2022","95.75","97.00","101.40","95.15","2.33M","-1.24%"
"13-06-2022","96.95","100.90","101.60","95.75","2.25M","-6.42%"
"10-06-2022","103.60","103.50","105.70","102.75","1.52M","-0.81%"
"09-06-2022","104.45","104.95","106.40","103.20","1.13M","-0.38%"
"08-06-2022","104.85","106.20","109.50","104.10","4.50M","-0.62%"
"07-06-2022","105.50","105.20","108.95","104.00","1.80M","0.33%"
"06-06-2022","105.15","107.75","107.80","104.00","1.00M","-1.36%"
"03-06-2022","106.60","111.05","111.05","105.20","1.45M","-2.47%"
"02-06-2022","109.30","107.95","111.30","107.80","1.50M","1.16%"
"01-06-2022","108.05","110.00","111.20","107.10","2.02M","0.09%"
"31-05-2022","107.95","102.00","109.80","101.60","3.29M","5.27%"
"30-05-2022","102.55","100.85","104.40","100.25","1.06M","2.70%"
"27-05-2022","99.85","101.60","102.30","99.00","1.10M","-0.50%"
"26-05-2022","100.35","101.45","101.90","94.40","1.41M","-0.30%"
"25-05-2022","100.65","102.05","102.60","99.00","1.44M","-0.25%"
"24-05-2022","100.90","102.50","102.85","100.40","959.80K","-0.79%"
"23-05-2022","101.70","105.35","105.35","100.65","906.99K","-2.21%"
"20-05-2022","104.00","105.00","106.70","103.10","1.50M","1.86%"
"19-05-2022","102.10","99.05","103.10","99.05","1.58M","-1.92%"
"18-05-2022","104.10","107.40","109.50","103.25","1.70M","-2.76%"
"17-05-2022","107.05","99.90","108.10","99.20","3.03M","8.90%"
"16-05-2022","98.30","98.00","101.00","96.05","2.29M","-3.67%"
"13-05-2022","102.05","104.55","107.00","101.00","2.31M","1.14%"
"12-05-2022","100.90","102.00","107.80","96.40","3.03M","-0.10%"
"11-05-2022","101.00","109.95","112.20","99.00","2.97M","-6.65%"
"10-05-2022","108.20","113.30","116.00","106.00","1.65M","-3.65%"
"09-05-2022","112.30","111.45","115.00","105.00","2.00M","0.90%"
"06-05-2022","111.30","112.95","113.00","110.00","1.72M","-3.30%"
"05-05-2022","115.10","118.00","122.25","114.25","2.59M","-0.86%"
"04-05-2022","116.10","125.00","126.35","112.95","2.21M","-6.56%"
"02-05-2022","124.25","124.00","127.00","122.05","1.53M","0.57%"
"29-04-2022","123.55","122.20","126.50","119.00","2.75M","2.45%"
"28-04-2022","120.60","123.00","125.85","120.00","1.45M","-1.95%"
"27-04-2022","123.00","120.00","124.70","118.50","2.64M","1.49%"
"26-04-2022","121.20","125.90","126.80","118.20","1.79M","-1.66%"
"25-04-2022","123.25","127.00","128.45","121.70","1.83M","-4.38%"
"22-04-2022","128.90","128.00","132.70","127.05","2.45M","-1.07%"
"21-04-2022","130.30","127.45","134.00","124.35","4.25M","3.62%"
"20-04-2022","125.75","126.00","128.60","123.30","2.76M","1.74%"
"19-04-2022","123.60","120.50","131.50","120.40","4.87M","3.39%"
"18-04-2022","119.55","123.00","123.50","117.65","1.21M","-3.12%"
"13-04-2022","123.40","123.60","127.00","122.25","1.65M","0.37%"
"12-04-2022","122.95","125.00","126.40","121.00","1.98M","-2.30%"
"11-04-2022","125.85","126.90","130.45","125.10","1.56M","-0.71%"
"08-04-2022","126.75","126.00","131.50","126.00","2.97M","1.28%"
"07-04-2022","125.15","136.50","138.60","124.00","5.35M","-8.08%"
"06-04-2022","136.15","132.00","139.10","130.15","5.62M","3.03%"
"05-04-2022","132.15","125.90","134.95","123.85","6.93M","5.97%"
"04-04-2022","124.70","123.90","128.50","119.50","5.79M","1.67%"
"01-04-2022","122.65","112.70","123.50","112.30","3.76M","9.22%"
"31-03-2022","112.30","116.25","118.00","110.30","2.45M","-2.18%"
"30-03-2022","114.80","113.00","119.90","111.70","3.89M","3.66%"
"29-03-2022","110.75","102.05","110.75","102.00","7.06M","9.98%"
"28-03-2022","100.70","101.35","106.75","99.15","5.24M","-7.78%"
"25-03-2022","109.20","111.70","114.50","108.10","2.40M","-0.46%"
"24-03-2022","109.70","111.90","114.25","108.90","3.09M","-1.88%"
"23-03-2022","111.80","114.45","115.70","110.10","2.31M","-1.19%"
"22-03-2022","113.15","114.10","116.85","112.10","1.66M","-1.95%"
"21-03-2022","115.40","118.20","118.45","115.00","1.54M","-1.20%"
"17-03-2022","116.80","120.00","121.50","115.65","1.98M","-1.81%"
"16-03-2022","118.95","118.05","119.80","116.05","1.61M","2.94%"
"15-03-2022","115.55","118.40","120.40","112.80","2.07M","-1.45%"
"14-03-2022","117.25","127.50","128.70","116.50","4.13M","-4.29%"
"11-03-2022","122.50","116.90","122.50","115.00","3.80M","9.96%"
"10-03-2022","111.40","111.85","112.90","107.80","3.08M","3.63%"
"09-03-2022","107.50","103.00","109.70","102.30","2.07M","5.65%"
"08-03-2022","101.75","99.00","103.80","98.80","2.50M","2.16%"
"07-03-2022","99.60","101.80","102.70","97.00","2.61M","-3.77%"
"04-03-2022","103.50","105.00","107.10","102.65","1.72M","-2.73%"
"03-03-2022","106.40","110.00","110.95","105.10","1.54M","-1.12%"
"02-03-2022","107.60","101.50","110.80","101.50","2.48M","2.87%"
"28-02-2022","104.60","102.00","106.60","101.15","2.64M","0.00%"
"25-02-2022","104.60","104.00","110.00","103.00","4.21M","2.60%"
"24-02-2022","101.95","108.50","108.50","101.95","3.20M","-9.98%"
"23-02-2022","113.25","116.30","119.70","112.30","2.34M","-0.96%"
"22-02-2022","114.35","111.00","116.75","108.45","4.01M","1.46%"
"21-02-2022","112.70","120.50","123.75","111.15","3.72M","-6.16%"
"18-02-2022","120.10","114.85","122.65","113.85","3.67M","5.96%"
"17-02-2022","113.35","123.00","127.70","111.80","5.17M","-7.54%"
"16-02-2022","122.60","114.50","123.00","114.30","7.11M","9.61%"
"15-02-2022","111.85","111.10","119.00","108.55","13.73M","-7.26%"
"14-02-2022","120.60","120.60","120.60","120.60","974.56K","-10.00%"
"11-02-2022","134.00","128.50","141.00","127.50","4.81M","0.68%"
"10-02-2022","133.10","149.40","150.00","133.10","6.16M","-9.98%"
"09-02-2022","147.85","138.70","147.85","133.00","11.46M","9.97%"
"08-02-2022","134.45","140.00","143.80","126.60","12.45M","0.75%"
"07-02-2022","133.45","128.00","133.45","123.00","9.13M","9.97%"
"04-02-2022","121.35","119.60","121.35","118.55","1.58M","4.97%"
"03-02-2022","115.60","111.05","115.60","111.00","1.74M","5.00%"
"02-02-2022","110.10","108.70","111.40","104.70","5.45M","3.77%"
"01-02-2022","106.10","103.00","106.10","101.55","2.85M","5.00%"
"31-01-2022","101.05","103.30","104.00","99.80","2.10M","-1.22%"
"28-01-2022","102.30","98.65","102.65","98.65","3.22M","4.60%"
"27-01-2022","97.80","97.00","100.50","96.05","1.57M","-0.25%"
"25-01-2022","98.05","92.60","98.20","91.40","2.21M","4.81%"
"24-01-2022","93.55","98.00","98.75","93.35","2.33M","-4.78%"
"21-01-2022","98.25","100.00","102.00","97.20","1.45M","-3.25%"
"20-01-2022","101.55","99.00","102.50","99.00","1.53M","1.80%"
"19-01-2022","99.75","102.40","102.95","98.80","1.38M","-2.16%"
"18-01-2022","101.95","106.90","107.50","101.50","1.85M","-3.41%"
"17-01-2022","105.55","103.65","107.80","102.75","3.77M","2.73%"
"14-01-2022","102.75","98.70","104.00","97.40","3.29M","3.74%"
"13-01-2022","99.05","97.80","100.00","95.00","1.63M","2.75%"
"12-01-2022","96.40","98.20","99.75","94.40","2.55M","-2.03%"
"11-01-2022","98.40","105.10","107.50","98.30","4.92M","-4.88%"
"10-01-2022","103.45","98.55","103.45","95.10","4.42M","4.97%"
"07-01-2022","98.55","101.55","102.30","98.05","1.09M","-1.60%"
"06-01-2022","100.15","96.45","101.70","94.50","1.80M","3.19%"
"05-01-2022","97.05","97.90","99.50","96.05","908.00K","-0.46%"
"04-01-2022","97.50","102.00","102.80","96.80","1.63M","-3.27%"
"03-01-2022","100.80","95.95","100.80","95.85","1.43M","5.00%"
"31-12-2021","96.00","95.05","98.55","95.05","684.05K","1.91%"
"30-12-2021","94.20","96.40","96.40","91.00","612.06K","-1.36%"
"29-12-2021","95.50","96.00","97.50","94.00","733.34K","0.63%"
"28-12-2021","94.90","92.00","94.90","91.55","534.04K","4.98%"
"27-12-2021","90.40","92.00","94.10","89.00","1.14M","-1.69%"
"24-12-2021","91.95","94.90","94.90","90.10","702.85K","-1.97%"
"23-12-2021","93.80","94.85","96.75","92.40","609.02K","-1.42%"
"22-12-2021","95.15","94.90","95.15","92.50","676.63K","4.96%"
"21-12-2021","90.65","94.05","97.00","89.30","956.82K","-3.10%"
"20-12-2021","93.55","93.60","97.00","93.55","986.88K","-4.98%"
"17-12-2021","98.45","104.00","104.00","98.20","1.16M","-4.74%"
"16-12-2021","103.35","107.15","108.50","101.65","886.34K","-3.19%"
"15-12-2021","106.75","108.30","111.80","104.00","1.61M","-1.48%"
"14-12-2021","108.35","98.50","108.80","98.50","2.49M","4.53%"
"13-12-2021","103.65","110.95","111.90","103.65","1.88M","-5.00%"
"10-12-2021","109.10","107.25","109.20","104.50","2.88M","4.90%"
"09-12-2021","104.00","99.80","104.00","96.10","2.23M","5.00%"
"08-12-2021","99.05","99.00","101.10","94.25","2.20M","2.80%"
"07-12-2021","96.35","96.35","96.35","93.75","795.26K","4.96%"
"06-12-2021","91.80","88.00","91.80","88.00","965.19K","4.97%"
"03-12-2021","87.45","88.70","90.95","84.00","1.37M","-0.34%"
"02-12-2021","87.75","83.00","87.80","81.10","1.18M","4.90%"
"01-12-2021","83.65","84.00","88.00","82.75","694.03K","-0.65%"
"30-11-2021","84.20","83.75","89.40","83.75","1.44M","-4.48%"
"29-11-2021","88.15","94.50","94.50","88.15","1.40M","-4.96%"
"26-11-2021","92.75","92.80","92.80","88.20","2.76M","4.92%"
"25-11-2021","88.40","86.40","88.40","85.50","1.13M","4.99%"
"24-11-2021","84.20","82.00","84.25","81.30","729.68K","4.92%"
"23-11-2021","80.25","75.90","80.25","73.55","768.51K","4.97%"
"22-11-2021","76.45","80.70","83.25","75.45","804.60K","-3.72%"
"18-11-2021","79.40","82.50","82.50","77.40","672.47K","-2.52%"
"17-11-2021","81.45","83.05","84.70","80.75","496.89K","-1.57%"
"16-11-2021","82.75","81.00","85.25","80.35","575.47K","1.53%"
"15-11-2021","81.50","82.20","84.60","80.25","553.54K","-1.69%"
"12-11-2021","82.90","84.00","84.60","82.10","366.35K","-0.72%"
"11-11-2021","83.50","85.00","85.65","83.15","336.26K","-1.30%"
"10-11-2021","84.60","84.65","88.00","83.20","414.24K","-0.12%"
"09-11-2021","84.70","84.50","86.00","82.00","657.10K","0.89%"
"08-11-2021","83.95","86.90","87.55","83.50","462.37K","-2.67%"
"04-11-2021","86.25","85.10","86.40","85.10","155.78K","1.89%"
"03-11-2021","84.65","84.75","87.60","84.20","379.09K","-1.86%"
"02-11-2021","86.25","83.40","86.25","83.00","534.03K","4.99%"
"01-11-2021","82.15","82.00","83.95","81.10","807.05K","-3.07%"
"29-10-2021","84.75","84.75","87.05","84.75","1.06M","-4.99%"
"28-10-2021","89.20","92.00","92.00","89.20","699.56K","-4.95%"
"27-10-2021","93.85","92.00","96.00","91.75","903.43K","2.57%"
"26-10-2021","91.50","87.40","91.75","87.40","804.44K","4.69%"
"25-10-2021","87.40","93.00","93.80","87.40","866.64K","-4.95%"
"22-10-2021","91.95","94.45","96.00","91.50","643.16K","-1.76%"
"21-10-2021","93.60","94.25","95.95","92.00","818.84K","1.41%"
"20-10-2021","92.30","95.55","95.55","91.65","1.27M","-4.30%"
"19-10-2021","96.45","100.00","102.10","94.55","1.35M","-2.03%"
"18-10-2021","98.45","99.00","102.00","98.00","978.37K","-0.10%"
"14-10-2021","98.55","101.80","101.80","98.10","768.68K","-1.50%"
"13-10-2021","100.05","102.00","103.00","99.10","998.23K","-1.19%"
"12-10-2021","101.25","102.45","103.95","100.00","846.99K","-1.41%"
"11-10-2021","102.70","104.80","106.70","102.00","1.20M","-2.00%"
"08-10-2021","104.80","106.65","106.65","102.50","2.26M","3.15%"
"07-10-2021","101.60","97.50","101.60","97.50","916.00K","4.96%"
"06-10-2021","96.80","96.90","99.90","96.00","1.27M","-0.10%"
"05-10-2021","96.90","100.20","100.60","96.40","1.42M","-3.29%"
"04-10-2021","100.20","100.05","103.35","99.00","1.29M","0.60%"
"01-10-2021","99.60","102.45","102.45","98.00","2.02M","-2.78%"
"30-09-2021","102.45","107.00","107.95","101.00","1.76M","-3.53%"
"29-09-2021","106.20","101.60","110.00","101.60","2.53M","0.05%"
"28-09-2021","106.15","114.90","114.90","105.10","3.98M","-4.02%"
"27-09-2021","110.60","109.00","110.60","106.40","2.62M","4.98%"
"24-09-2021","105.35","104.30","106.70","99.40","7.76M","2.98%"
"23-09-2021","102.30","99.00","102.30","98.05","5.00M","4.98%"
"22-09-2021","97.45","93.00","97.75","91.50","4.34M","4.67%"
"21-09-2021","93.10","98.70","98.70","93.10","7.77M","-5.00%"
"20-09-2021","98.00","94.50","99.25","92.25","6.87M","3.65%"
"17-09-2021","94.55","94.55","94.55","88.55","9.64M","5.00%"
"16-09-2021","90.05","90.05","90.05","90.05","844.60K","4.95%"
"15-09-2021","85.80","85.80","85.80","85.80","443.82K","4.95%"
"14-09-2021","81.75","81.75","81.75","81.75","453.65K","4.94%"
"13-09-2021","77.90","77.90","77.90","77.90","319.27K","4.99%"
"09-09-2021","74.20","72.75","74.20","71.00","1.38M","4.95%"
"08-09-2021","70.70","69.40","71.90","68.55","773.86K","2.99%"
"07-09-2021","68.65","71.50","71.50","67.75","652.38K","-3.04%"
"06-09-2021","70.80","71.00","72.00","69.50","735.82K","0.35%"
"03-09-2021","70.55","68.90","71.95","67.00","887.53K","2.47%"
"02-09-2021","68.85","65.70","69.30","65.70","875.28K","4.32%"
"01-09-2021","66.00","67.45","68.00","64.55","510.41K","-2.15%"
"31-08-2021","67.45","70.20","70.20","67.00","599.45K","-2.18%"
"30-08-2021","68.95","66.40","69.05","66.00","875.85K","4.79%"
"27-08-2021","65.80","68.65","68.85","64.55","810.83K","-3.09%"
"26-08-2021","67.90","69.15","69.20","66.50","853.14K","2.26%"
"25-08-2021","66.40","65.00","66.40","63.55","481.67K","4.98%"
"24-08-2021","63.25","60.50","63.25","58.00","1.04M","4.98%"
"23-08-2021","60.25","63.50","65.45","60.25","1.05M","-4.97%"
"20-08-2021","63.40","65.00","68.60","63.00","664.25K","-4.08%"
"18-08-2021","66.10","62.85","66.65","60.60","1.93M","4.09%"
"17-08-2021","63.50","66.80","67.90","63.50","1.26M","-4.94%"
"16-08-2021","66.80","69.95","69.95","66.50","692.24K","-4.16%"
"13-08-2021","69.70","71.55","71.85","69.35","927.42K","-2.59%"
"12-08-2021","71.55","71.40","72.45","70.25","596.20K","1.63%"
"11-08-2021","70.40","71.35","72.70","66.50","1.85M","0.57%"
"10-08-2021","70.00","72.40","73.90","70.00","901.67K","-4.96%"
"09-08-2021","73.65","75.70","78.00","71.95","868.28K","-2.71%"
"06-08-2021","75.70","72.40","75.85","71.00","893.90K","4.78%"
"05-08-2021","72.25","73.40","73.40","70.00","920.17K","-1.70%"
"04-08-2021","73.50","77.65","79.95","73.50","1.11M","-4.98%"
"03-08-2021","77.35","79.80","80.40","76.75","1.13M","-2.21%"
"02-08-2021","79.10","76.00","80.10","75.25","1.48M","3.33%"
"30-07-2021","76.55","74.00","76.75","71.80","1.38M","4.72%"
"29-07-2021","73.10","75.00","75.50","71.10","728.63K","-0.07%"
"28-07-2021","73.15","74.50","75.00","71.50","799.73K","-2.53%"
"27-07-2021","75.05","79.00","80.50","73.35","1.31M","-2.72%"
"26-07-2021","77.15","71.50","77.15","69.85","2.45M","4.97%"
"23-07-2021","73.50","77.00","78.80","73.50","1.58M","-4.98%"
"22-07-2021","77.35","79.90","80.00","76.05","1.09M","-1.15%"
"20-07-2021","78.25","78.90","80.80","76.10","1.51M","-0.82%"
"19-07-2021","78.90","77.55","82.00","77.40","1.13M","-1.37%"
"16-07-2021","80.00","81.90","81.95","78.10","1.11M","-1.11%"
"15-07-2021","80.90","83.60","84.55","79.50","1.01M","-2.35%"
"14-07-2021","82.85","82.00","85.20","82.00","714.33K","0.98%"
"13-07-2021","82.05","86.00","86.40","81.15","1.32M","-3.58%"
"12-07-2021","85.10","88.60","88.60","84.10","1.47M","-0.06%"
"09-07-2021","85.15","85.00","85.50","83.10","1.38M","3.71%"
"08-07-2021","82.10","79.05","82.10","79.05","889.16K","4.99%"
"07-07-2021","78.20","79.00","81.75","78.00","2.15M","-4.34%"
"06-07-2021","81.75","85.00","85.80","81.55","2.37M","-4.72%"
"05-07-2021","85.80","87.75","89.40","84.10","2.20M","-2.22%"
"02-07-2021","87.75","83.60","87.75","80.75","2.51M","4.96%"
"01-07-2021","83.60","86.90","86.90","83.60","1.86M","-5.00%"
"30-06-2021","88.00","96.25","96.25","87.15","3.94M","-4.03%"
"29-06-2021","91.70","90.50","91.70","89.90","950.76K","4.98%"
"28-06-2021","87.35","79.10","87.35","79.10","4.34M","4.99%"
"25-06-2021","83.20","83.20","83.20","83.20","617.28K","-4.97%"
"24-06-2021","87.55","89.00","90.35","87.55","1.06M","-4.99%"
"23-06-2021","92.15","93.00","98.20","92.15","4.87M","-5.00%"
"22-06-2021","97.00","103.30","105.25","97.00","4.76M","-5.00%"
"21-06-2021","102.10","101.45","108.65","100.00","5.38M","-2.95%"
"18-06-2021","105.20","105.90","105.90","95.90","9.74M","4.26%"
"17-06-2021","100.90","97.40","100.95","92.10","5.70M","4.94%"
"16-06-2021","96.15","94.90","96.15","92.20","20.37M","4.97%"
"15-06-2021","91.60","89.85","91.60","88.60","3.57M","4.99%"
"14-06-2021","87.25","86.75","87.25","80.00","10.43M","4.99%"
"11-06-2021","83.10","88.90","88.90","81.00","26.87M","-1.89%"
"10-06-2021","84.70","83.00","84.70","82.50","10.42M","4.96%"
"09-06-2021","80.70","80.70","80.70","77.00","15.47M","4.94%"
"08-06-2021","76.90","74.50","76.90","73.25","19.77M","4.98%"
"07-06-2021","73.25","73.10","73.25","70.10","11.27M","4.94%"
"04-06-2021","69.80","69.85","69.85","66.55","23.47M","4.88%"
"03-06-2021","66.55","66.55","66.55","66.55","742.83K","4.97%"
"02-06-2021","63.40","60.55","63.40","60.50","6.89M","4.97%"
"01-06-2021","60.40","63.50","64.25","60.20","12.35M","-4.66%"
"31-05-2021","63.35","63.00","64.95","61.40","19.15M","-1.93%"
"28-05-2021","64.60","70.00","71.40","64.60","28.24M","-5.00%"
"27-05-2021","68.00","64.00","68.00","62.60","12.43M","9.94%"
"26-05-2021","61.85","59.10","63.00","57.75","17.40M","6.64%"
"25-05-2021","58.00","57.50","61.80","56.75","20.15M","2.65%"
"24-05-2021","56.50","52.45","56.75","52.10","24.81M","9.50%"
"21-05-2021","51.60","52.25","53.20","51.30","3.37M","0.00%"
"20-05-2021","51.60","52.40","53.00","51.00","3.48M","-0.48%"
"19-05-2021","51.85","52.20","54.10","51.45","7.65M","0.39%"
"18-05-2021","51.65","50.80","54.40","49.00","11.02M","2.48%"
"17-05-2021","50.40","52.00","53.50","50.05","4.44M","-4.73%"
"14-05-2021","52.90","54.95","56.10","51.60","9.67M","-2.31%"
"12-05-2021","54.15","54.90","58.30","49.80","29.53M","2.07%"
"11-05-2021","53.05","47.50","53.05","46.95","23.31M","9.95%"
"10-05-2021","48.25","48.40","49.35","47.45","9.93M","2.01%"
"07-05-2021","47.30","46.80","49.10","46.00","8.22M","2.05%"
"06-05-2021","46.35","47.75","48.45","45.55","6.03M","-2.01%"
"05-05-2021","47.30","45.55","48.30","45.10","5.89M","3.96%"
"04-05-2021","45.50","50.70","50.70","45.45","14.92M","-9.81%"
"03-05-2021","50.45","41.90","50.85","41.55","31.75M","18.99%"
"30-04-2021","42.40","37.50","44.25","37.10","24.84M","13.07%"
"29-04-2021","37.50","36.00","38.40","34.30","7.04M","7.30%"
"28-04-2021","34.95","33.80","35.70","33.65","3.45M","3.71%"
"27-04-2021","33.70","33.50","33.80","33.20","2.87M","1.66%"
"26-04-2021","33.15","33.65","33.95","33.00","2.36M","-0.30%"
"23-04-2021","33.25","33.20","35.15","32.90","3.18M","-0.30%"
"22-04-2021","33.35","33.30","34.10","32.90","2.27M","-0.15%"
"20-04-2021","33.40","33.70","34.30","32.70","2.29M","1.21%"
"19-04-2021","33.00","32.55","33.75","32.55","2.55M","-5.85%"
"16-04-2021","35.05","34.90","36.00","34.40","3.24M","1.01%"
"15-04-2021","34.70","35.50","35.90","34.00","2.90M","-1.84%"
"13-04-2021","35.35","34.55","35.85","34.50","2.63M","3.21%"
"12-04-2021","34.25","36.55","36.95","34.05","5.65M","-9.99%"
"09-04-2021","38.05","38.75","39.20","37.40","2.29M","-1.30%"
"08-04-2021","38.55","38.55","39.55","38.15","3.33M","1.72%"
"07-04-2021","37.90","39.15","39.50","37.20","4.37M","-2.57%"
"06-04-2021","38.90","39.50","43.00","38.25","19.08M","-0.51%"
"05-04-2021","39.10","38.45","40.70","37.50","5.31M","2.36%"
"01-04-2021","38.20","35.40","38.60","35.40","5.78M","8.83%"
"31-03-2021","35.10","35.60","36.80","34.80","2.11M","-1.27%"
"30-03-2021","35.55","37.00","37.30","35.15","1.79M","-2.87%"
"26-03-2021","36.60","36.60","37.60","35.65","2.23M","2.66%"
"25-03-2021","35.65","37.80","38.10","35.20","4.31M","-5.06%"
"24-03-2021","37.55","39.80","41.60","36.95","9.57M","-5.65%"
"23-03-2021","39.80","37.60","39.80","36.65","6.78M","9.94%"
"22-03-2021","36.20","33.30","36.20","32.30","5.72M","9.86%"
"19-03-2021","32.95","31.75","33.75","31.15","3.26M","1.85%"
"18-03-2021","32.35","34.80","34.90","31.30","3.37M","-4.57%"
"17-03-2021","33.90","35.95","36.40","33.50","3.08M","-5.17%"
"16-03-2021","35.75","38.10","38.60","35.20","3.37M","-5.17%"
"15-03-2021","37.70","40.00","40.70","36.85","5.14M","-5.04%"
"12-03-2021","39.70","41.00","42.75","37.10","14.44M","1.40%"
"10-03-2021","39.15","36.90","39.15","36.35","6.80M","9.97%"
"09-03-2021","35.60","32.75","35.60","32.70","8.97M","9.88%"
"08-03-2021","32.40","33.00","34.05","32.00","3.00M","-0.46%"
"05-03-2021","32.55","32.70","33.15","31.80","2.19M","1.09%"
"04-03-2021","32.20","30.60","33.35","30.60","2.79M","1.58%"
"03-03-2021","31.70","32.80","33.10","31.55","2.37M","-2.16%"
"02-03-2021","32.40","33.20","33.95","31.80","3.59M","-1.37%"
"01-03-2021","32.85","31.60","33.90","30.75","6.97M","6.48%"
"26-02-2021","30.85","30.70","31.75","30.10","2.28M","-2.22%"
"25-02-2021","31.55","31.95","32.00","31.15","1.66M","-0.47%"
"24-02-2021","31.70","32.00","32.20","30.50","774.85K","-1.09%"
"23-02-2021","32.05","32.25","32.90","31.50","2.85M","1.26%"
"22-02-2021","31.65","30.90","33.35","29.90","3.92M","3.09%"
"19-02-2021","30.70","30.80","31.25","29.75","2.76M","0.16%"
"18-02-2021","30.65","31.60","31.85","30.00","1.95M","-3.62%"
"17-02-2021","31.80","31.80","32.15","31.35","1.32M","-0.47%"
"16-02-2021","31.95","32.80","32.80","31.30","1.67M","-1.39%"
"15-02-2021","32.40","33.00","33.15","31.80","1.98M","-1.52%"
"12-02-2021","32.90","32.00","33.40","31.35","3.06M","3.30%"
"11-02-2021","31.85","31.20","32.50","31.10","2.10M","1.76%"
"10-02-2021","31.30","32.00","32.20","30.80","2.60M","-3.54%"
"09-02-2021","32.45","33.25","33.60","31.85","1.71M","-1.07%"
"08-02-2021","32.80","33.75","34.80","32.50","2.96M","-1.65%"
"05-02-2021","33.35","33.90","34.10","31.60","5.90M","2.46%"
"04-02-2021","32.55","31.75","32.55","31.20","3.30M","5.00%"
"03-02-2021","31.00","29.85","31.00","29.50","2.49M","4.91%"
"02-02-2021","29.55","28.70","29.60","28.10","2.65M","4.79%"
"01-02-2021","28.20","27.95","29.05","27.20","3.81M","1.81%"
"29-01-2021","27.70","29.10","29.70","27.50","3.06M","-4.15%"
"28-01-2021","28.90","29.75","29.75","28.55","1.89M","-3.51%"
"27-01-2021","29.95","30.30","30.40","29.30","1.46M","-1.32%"
"25-01-2021","30.35","30.05","31.10","29.60","1.65M","0.00%"
"22-01-2021","30.35","31.00","31.20","29.80","1.79M","-1.62%"
"21-01-2021","30.85","30.20","31.60","30.10","4.28M","2.49%"
"20-01-2021","30.10","30.40","30.50","29.80","2.05M","-1.95%"
"19-01-2021","30.70","30.70","31.25","29.30","2.47M","1.15%"
"18-01-2021","30.35","31.80","31.95","30.10","1.53M","-3.50%"
"15-01-2021","31.45","31.50","32.05","30.25","1.99M","0.00%"
"14-01-2021","31.45","31.60","32.45","31.30","1.43M","-0.16%"
"13-01-2021","31.50","32.40","33.00","31.30","6.03M","-2.63%"
"12-01-2021","32.35","31.55","32.40","30.05","7.16M","4.69%"
"11-01-2021","30.90","30.50","30.90","29.60","7.61M","4.92%"
"08-01-2021","29.45","28.70","29.85","28.50","3.41M","3.33%"
"07-01-2021","28.50","29.25","29.95","28.25","3.41M","-3.88%"
"06-01-2021","29.65","30.30","30.65","29.15","5.07M","-2.15%"
"05-01-2021","30.30","28.90","30.30","28.30","6.50M","4.84%"
"04-01-2021","28.90","28.75","28.90","28.10","4.36M","4.90%"
"01-01-2021","27.55","27.20","28.15","26.95","3.08M","2.61%"
"31-12-2020","26.85","27.05","27.60","26.55","1.27M","-2.19%"
"30-12-2020","27.45","26.85","28.15","26.15","2.82M","2.23%"
"29-12-2020","26.85","27.70","28.15","26.50","2.33M","-3.59%"
"28-12-2020","27.85","26.85","28.05","25.85","4.06M","4.11%"
"24-12-2020","26.75","26.75","26.75","26.00","3.63M","4.90%"
"23-12-2020","25.50","24.90","25.50","24.65","1.36M","4.94%"
"22-12-2020","24.30","24.50","25.00","23.75","2.98M","-2.80%"
"21-12-2020","25.00","26.20","26.65","25.00","2.23M","-4.94%"
"18-12-2020","26.30","26.70","27.75","25.80","4.15M","-2.95%"
"17-12-2020","27.10","28.35","28.35","27.05","2.53M","-4.58%"
"16-12-2020","28.40","27.70","29.50","27.65","4.61M","-0.87%"
"15-12-2020","28.65","30.50","30.60","28.65","6.82M","-4.98%"
"14-12-2020","30.15","30.15","30.15","29.10","8.34M","4.87%"
"11-12-2020","28.75","26.85","28.75","26.40","5.91M","9.94%"
"10-12-2020","26.15","27.50","27.80","25.25","4.24M","-4.74%"
"09-12-2020","27.45","28.50","28.90","26.55","9.63M","-0.36%"
"08-12-2020","27.55","26.50","27.55","25.60","24.17M","9.98%"
"07-12-2020","25.05","25.05","25.05","25.05","1.03M","9.87%"
"04-12-2020","22.80","22.80","22.80","22.80","659.67K","4.83%"
"03-12-2020","21.75","21.15","21.75","21.00","3.07M","4.82%"
"02-12-2020","20.75","20.80","21.25","20.20","3.31M","-0.24%"
"01-12-2020","20.80","22.00","22.10","20.40","4.37M","-2.58%"
"27-11-2020","21.35","21.70","21.90","20.90","3.34M","-1.84%"
"26-11-2020","21.75","23.00","23.00","21.35","10.96M","-3.12%"
"25-11-2020","22.45","22.50","22.50","21.55","15.53M","4.66%"
"24-11-2020","21.45","20.85","21.45","20.70","11.14M","4.89%"
"23-11-2020","20.45","20.10","20.60","19.80","6.33M","4.07%"
"20-11-2020","19.65","19.75","20.10","19.40","1.94M","0.51%"
"19-11-2020","19.55","19.60","19.90","19.40","1.12M","0.00%"
"18-11-2020","19.55","20.10","20.15","19.40","1.46M","-2.25%"
"17-11-2020","20.00","20.10","20.25","19.65","1.38M","2.04%"
"13-11-2020","19.60","19.50","19.85","19.25","825.06K","0.00%"
"12-11-2020","19.60","19.85","19.85","19.20","1.32M","-0.76%"
"11-11-2020","19.75","19.90","20.15","19.45","1.15M","0.77%"
"10-11-2020","19.60","19.65","19.95","19.40","1.55M","0.00%"
"09-11-2020","19.60","19.85","19.90","19.55","1.10M","-0.25%"
"06-11-2020","19.65","19.75","19.95","19.50","1.13M","0.51%"
"05-11-2020","19.55","20.00","20.00","19.45","1.27M","-1.01%"
"04-11-2020","19.75","19.60","20.30","19.60","1.42M","0.77%"
"03-11-2020","19.60","19.85","20.10","19.50","1.42M","-1.26%"
"02-11-2020","19.85","20.20","20.50","19.60","1.28M","-1.98%"
"30-10-2020","20.25","20.90","21.40","19.80","3.94M","-2.17%"
"29-10-2020","20.70","20.05","21.10","19.55","3.75M","2.99%"
"28-10-2020","20.10","20.85","21.20","19.90","1.95M","-3.60%"
"27-10-2020","20.85","21.25","21.50","20.80","3.13M","-4.58%"
"26-10-2020","21.85","23.45","23.75","21.85","4.36M","-5.00%"
"23-10-2020","23.00","22.20","23.00","22.10","5.33M","4.78%"
"22-10-2020","21.95","21.15","21.95","20.90","2.33M","4.77%"
"21-10-2020","20.95","21.35","21.50","20.70","1.08M","0.24%"
"20-10-2020","20.90","20.95","21.60","20.60","640.06K","-0.24%"
"19-10-2020","20.95","21.80","21.80","20.80","679.26K","-1.18%"
"16-10-2020","21.20","21.60","22.20","21.15","749.45K","-1.85%"
"15-10-2020","21.60","22.55","23.40","21.35","1.02M","-3.36%"
"14-10-2020","22.35","21.80","22.55","21.65","1.26M","2.29%"
"13-10-2020","21.85","21.30","22.10","20.80","949.65K","3.80%"
"12-10-2020","21.05","21.85","21.90","20.95","1.04M","-3.44%"
"09-10-2020","21.80","22.25","22.45","21.60","948.51K","-2.46%"
"08-10-2020","22.35","23.00","23.40","21.90","1.43M","-2.19%"
"07-10-2020","22.85","22.40","22.85","22.05","2.48M","4.82%"
"06-10-2020","21.80","20.80","21.80","20.80","853.31K","4.81%"
"05-10-2020","20.80","21.55","22.00","20.70","1.44M","-3.48%"
"01-10-2020","21.55","22.75","22.75","21.40","1.14M","-4.22%"
"30-09-2020","22.50","23.10","23.10","22.30","575.22K","-1.96%"
"29-09-2020","22.95","23.40","23.55","22.75","611.66K","-1.29%"
"28-09-2020","23.25","22.70","23.65","22.15","1.41M","1.75%"
"25-09-2020","22.85","22.00","22.85","21.50","966.68K","4.82%"
"24-09-2020","21.80","22.45","23.55","21.45","2.00M","-2.90%"
"23-09-2020","22.45","23.40","23.80","22.20","1.79M","-3.23%"
"22-09-2020","23.20","23.55","23.85","23.20","2.09M","-4.92%"
"21-09-2020","24.40","25.65","25.70","24.40","1.35M","-4.87%"
"18-09-2020","25.65","26.40","26.80","25.40","1.28M","-3.21%"
"17-09-2020","26.50","26.50","27.25","26.00","1.17M","-0.93%"
"16-09-2020","26.75","27.15","27.50","26.55","765.46K","-1.65%"
"15-09-2020","27.20","26.85","27.80","26.75","1.72M","1.30%"
"14-09-2020","26.85","27.50","28.10","26.65","1.19M","0.19%"
"11-09-2020","26.80","27.20","27.50","26.50","957.92K","-0.74%"
"10-09-2020","27.00","26.90","27.75","26.65","824.87K","0.56%"
"09-09-2020","26.85","27.05","27.15","26.20","742.70K","-2.19%"
"08-09-2020","27.45","27.00","28.00","26.00","1.12M","2.04%"
"07-09-2020","26.90","27.20","27.90","26.50","758.24K","-2.36%"
"04-09-2020","27.55","27.20","27.95","27.20","968.24K","-1.43%"
"03-09-2020","27.95","28.90","28.90","27.60","1.20M","-1.76%"
"02-09-2020","28.45","27.95","28.90","27.50","1.34M","2.71%"
"01-09-2020","27.70","27.90","28.45","27.05","2.54M","-2.64%"
"31-08-2020","28.45","29.85","30.00","28.45","2.71M","-4.85%"
"28-08-2020","29.90","31.50","31.90","29.70","4.34M","-4.32%"
"27-08-2020","31.25","30.00","31.25","29.60","3.73M","4.87%"
"26-08-2020","29.80","30.00","30.40","29.30","1.37M","0.68%"
"25-08-2020","29.60","30.00","30.55","29.40","1.51M","-0.34%"
"24-08-2020","29.70","30.50","30.50","29.15","2.11M","-3.10%"
"21-08-2020","30.65","31.45","31.80","30.45","2.36M","-2.54%"
"20-08-2020","31.45","31.80","32.60","31.30","2.31M","-2.48%"
"19-08-2020","32.25","30.85","32.25","30.25","2.67M","4.88%"
"18-08-2020","30.75","31.25","31.25","30.50","1.29M","-1.28%"
"17-08-2020","31.15","31.80","31.80","30.60","1.18M","1.96%"
"14-08-2020","30.55","30.85","32.10","29.80","3.79M","-0.33%"
"13-08-2020","30.65","32.00","32.00","30.25","1.89M","-1.76%"
"12-08-2020","31.20","31.50","31.70","30.30","3.96M","-0.32%"
"11-08-2020","31.30","30.40","31.30","29.90","1.06M","4.86%"
"10-08-2020","29.85","28.80","29.85","28.40","1.74M","4.92%"
"07-08-2020","28.45","29.45","29.45","28.05","2.21M","-2.57%"
"06-08-2020","29.20","29.90","30.35","28.80","2.27M","-1.02%"
"05-08-2020","29.50","28.90","29.85","28.55","1.76M","3.51%"
"04-08-2020","28.50","29.00","29.40","28.05","2.27M","-2.06%"
"03-08-2020","29.10","27.05","29.20","26.70","5.14M","4.49%"
"31-07-2020","27.85","28.55","29.15","27.85","2.39M","-4.95%"
"30-07-2020","29.30","30.10","30.85","29.25","3.06M","-4.72%"
"29-07-2020","30.75","28.85","30.75","28.85","2.47M","4.95%"
"28-07-2020","29.30","30.55","31.00","29.10","3.10M","-4.25%"
"27-07-2020","30.60","32.15","32.35","30.55","2.40M","-4.82%"
"24-07-2020","32.15","31.85","33.30","31.10","3.07M","-0.31%"
"23-07-2020","32.25","33.00","33.75","32.15","2.98M","-4.59%"
"22-07-2020","33.80","35.10","35.10","33.80","3.36M","-4.92%"
"21-07-2020","35.55","35.55","35.55","34.40","5.83M","4.87%"
"20-07-2020","33.90","33.90","33.90","33.10","2.15M","4.95%"
"17-07-2020","32.30","30.20","32.30","29.35","3.93M","4.87%"
"16-07-2020","30.80","32.30","32.80","30.80","2.95M","-4.94%"
"15-07-2020","32.40","33.00","35.15","31.85","10.59M","-3.28%"
"14-07-2020","33.50","34.00","34.90","33.50","1.76M","-4.96%"
"13-07-2020","35.25","38.10","38.10","35.25","4.38M","-4.99%"
"10-07-2020","37.10","36.00","38.30","35.60","11.81M","1.64%"
"09-07-2020","36.50","33.10","36.50","33.10","26.73M","4.89%"
"08-07-2020","34.80","34.80","34.80","34.80","314.75K","-4.92%"
"07-07-2020","36.60","36.60","36.60","36.60","355.17K","-4.94%"
"06-07-2020","38.50","38.50","38.50","38.50","690.14K","-4.94%"
"03-07-2020","40.50","44.70","44.70","40.50","13.51M","-4.93%"
"02-07-2020","42.60","42.60","42.60","39.65","9.09M","4.93%"
"01-07-2020","40.60","40.60","40.60","37.10","14.46M","4.91%"
"30-06-2020","38.70","38.70","38.70","38.70","594.77K","4.88%"
"29-06-2020","36.90","36.90","36.90","36.90","614.99K","4.98%"
"26-06-2020","35.15","35.15","35.15","35.15","296.60K","4.93%"
"25-06-2020","33.50","33.50","33.50","33.50","329.81K","4.85%"
"24-06-2020","31.95","31.95","31.95","31.95","1.41M","4.93%"
"23-06-2020","30.45","30.45","30.45","29.50","8.48M","5.00%"
"22-06-2020","29.00","28.50","29.00","27.35","11.58M","9.85%"
"19-06-2020","26.40","25.90","26.40","25.55","2.18M","10.00%"
"18-06-2020","24.00","22.05","24.00","21.85","5.05M","9.84%"
"17-06-2020","21.85","21.85","22.50","21.40","1.76M","2.10%"
"16-06-2020","21.40","22.30","22.80","20.00","2.31M","-2.95%"
"15-06-2020","22.05","21.80","22.40","21.20","1.79M","1.15%"
"12-06-2020","21.80","20.55","22.05","20.50","2.39M","-1.13%"
"11-06-2020","22.05","22.10","23.20","21.70","3.21M","0.23%"
"10-06-2020","22.00","22.00","22.50","21.00","3.08M","-0.90%"
"09-06-2020","22.20","25.40","25.40","21.60","8.41M","-3.90%"
"08-06-2020","23.10","23.10","23.10","23.10","890.08K","10.00%"
"05-06-2020","21.00","20.35","21.00","20.05","1.75M","9.95%"
"04-06-2020","19.10","18.45","19.10","18.25","1.66M","4.95%"
"03-06-2020","18.20","18.35","18.40","17.90","2.05M","1.68%"
"02-06-2020","17.90","17.95","18.15","17.05","2.96M","2.58%"
"01-06-2020","17.45","16.90","17.55","16.80","2.37M","4.18%"
"29-05-2020","16.75","16.70","17.05","16.45","1.52M","1.52%"
"28-05-2020","16.50","17.25","17.35","16.40","4.93M","-0.30%"
"27-05-2020","16.55","15.25","16.55","15.05","3.82M","4.75%"
"26-05-2020","15.80","15.80","16.00","15.80","625.73K","-4.82%"
"22-05-2020","16.60","17.00","17.10","16.05","708.51K","-1.48%"
"21-05-2020","16.85","16.70","17.30","16.50","697.54K","1.20%"
"20-05-2020","16.65","17.40","17.40","16.55","1.22M","-4.31%"
"19-05-2020","17.40","18.90","18.90","17.30","900.44K","-4.40%"
"18-05-2020","18.20","19.05","19.05","17.90","1.07M","0.28%"
"15-05-2020","18.15","18.25","18.50","17.00","914.29K","1.68%"
"14-05-2020","17.85","17.85","18.05","17.30","1.56M","3.78%"
"13-05-2020","17.20","18.00","18.30","16.75","1.83M","-1.43%"
"12-05-2020","17.45","18.00","18.35","17.45","525.00K","-4.90%"
"11-05-2020","18.35","20.00","20.00","18.10","1.41M","-3.67%"
"08-05-2020","19.05","17.25","19.05","17.25","2.75M","4.96%"
"07-05-2020","18.15","18.15","18.15","18.15","179.27K","-4.97%"
"06-05-2020","19.10","19.10","19.10","19.10","142.78K","-4.98%"
"05-05-2020","20.10","20.10","20.10","20.10","222.53K","-4.96%"
"04-05-2020","21.15","21.15","21.15","21.15","324.47K","-4.94%"
"30-04-2020","22.25","23.80","23.80","21.60","6.05M","-1.98%"
"29-04-2020","22.70","22.70","22.70","22.70","288.41K","4.85%"
"28-04-2020","21.65","21.65","21.65","21.65","189.30K","4.84%"
"27-04-2020","20.65","20.65","20.65","20.65","261.17K","4.82%"
"24-04-2020","19.70","19.65","19.70","19.50","750.84K","4.79%"
"23-04-2020","18.80","18.60","18.80","18.30","598.65K","4.74%"
"22-04-2020","17.95","17.90","17.95","17.45","1.51M","4.97%"
"21-04-2020","17.10","16.90","17.10","15.50","5.48M","4.91%"
"20-04-2020","16.30","16.30","16.30","16.30","152.04K","4.82%"
"17-04-2020","15.55","15.55","15.55","15.55","272.80K","4.71%"
"16-04-2020","14.85","14.85","14.85","14.20","1.29M","4.95%"
"15-04-2020","14.15","14.15","14.15","14.10","505.57K","4.81%"
"13-04-2020","13.50","13.50","13.50","13.25","1.84M","4.65%"
"09-04-2020","12.90","12.90","12.90","12.90","722.32K","4.88%"
"08-04-2020","12.30","12.30","12.30","12.30","450.67K","4.68%"
"07-04-2020","11.75","11.75","11.75","11.75","660.55K","4.91%"
"03-04-2020","11.20","11.20","11.20","11.10","697.02K","4.67%"
"01-04-2020","10.70","10.60","10.70","10.50","505.49K","4.90%"
"31-03-2020","10.20","10.20","10.20","10.00","837.92K","4.62%"
"30-03-2020","9.75","9.10","9.75","8.90","1.74M","4.84%"
"27-03-2020","9.30","9.60","9.70","8.90","2.50M","-0.53%"
"26-03-2020","9.35","9.10","9.50","8.65","3.07M","3.31%"
"25-03-2020","9.05","9.05","9.10","9.05","866.64K","-4.74%"
"24-03-2020","9.50","9.95","9.95","9.50","441.67K","-4.52%"
"23-03-2020","9.95","9.95","9.95","9.95","284.75K","-4.78%"
"20-03-2020","10.45","10.20","11.20","10.20","6.21M","-2.34%"
"19-03-2020","10.70","10.70","10.80","10.70","728.93K","-4.89%"
"18-03-2020","11.25","12.05","12.10","11.25","1.70M","-4.66%"
"17-03-2020","11.80","12.40","12.60","11.80","2.67M","-4.84%"
"16-03-2020","12.40","12.35","13.35","12.35","3.22M","-4.25%"
"13-03-2020","12.95","12.90","13.90","12.90","3.92M","-4.43%"
"12-03-2020","13.55","13.55","13.55","13.55","494.08K","-4.91%"
"11-03-2020","14.25","14.80","15.80","13.85","4.87M","-6.25%"
"09-03-2020","15.20","15.30","15.75","15.20","1.41M","-9.79%"
"06-03-2020","16.85","17.95","18.00","16.85","5.09M","-9.89%"
"05-03-2020","18.70","18.50","18.95","18.05","2.38M","2.75%"
"04-03-2020","18.20","19.15","19.15","17.65","2.96M","-3.70%"
"03-03-2020","18.90","18.40","19.40","18.15","2.52M","2.72%"
"02-03-2020","18.40","20.00","20.10","17.60","3.34M","-1.87%"
"28-02-2020","18.75","20.00","20.00","18.60","3.07M","-7.64%"
"27-02-2020","20.30","21.45","21.60","20.10","2.51M","-5.36%"
"26-02-2020","21.45","22.30","22.30","20.95","2.57M","-3.60%"
"25-02-2020","22.25","23.00","23.25","21.65","2.44M","-2.41%"
"24-02-2020","22.80","22.90","23.80","22.55","3.07M","-2.36%"
"20-02-2020","23.35","22.90","24.35","22.25","5.69M","1.30%"
"19-02-2020","23.05","22.10","23.40","21.05","4.62M","5.25%"
"18-02-2020","21.90","21.70","22.30","20.90","5.53M","2.58%"
"17-02-2020","21.35","21.30","21.45","19.60","6.85M","9.49%"
"14-02-2020","19.50","20.70","21.15","19.20","3.24M","-6.47%"
"13-02-2020","20.85","19.30","21.15","19.00","4.04M","8.31%"
"12-02-2020","19.25","20.75","21.10","19.00","3.39M","-6.55%"
"11-02-2020","20.60","20.95","21.25","20.20","2.66M","-1.20%"
"10-02-2020","20.85","21.50","21.50","20.50","2.90M","-6.29%"
"07-02-2020","22.25","22.20","23.20","21.10","6.01M","2.06%"
"06-02-2020","21.80","19.90","21.80","19.65","11.99M","9.82%"
"05-02-2020","19.85","18.60","19.95","18.30","6.81M","4.47%"
"04-02-2020","19.00","19.00","19.70","19.00","4.61M","-4.76%"
"03-02-2020","19.95","20.25","20.80","19.95","3.32M","-4.77%"
"01-02-2020","20.95","22.20","22.40","20.80","2.59M","-4.12%"
"31-01-2020","21.85","22.40","22.90","21.60","3.45M","-1.58%"
"30-01-2020","22.20","23.75","23.95","21.85","7.39M","-3.27%"
"29-01-2020","22.95","22.50","22.95","22.00","4.26M","4.79%"
"28-01-2020","21.90","20.50","21.90","20.25","4.55M","4.78%"
"27-01-2020","20.90","21.95","21.95","20.90","3.35M","-4.78%"
"24-01-2020","21.95","22.35","22.50","21.55","7.83M","2.33%"
"23-01-2020","21.45","21.45","21.45","20.85","5.06M","4.89%"
"22-01-2020","20.45","20.00","20.45","19.55","3.96M","4.87%"
"21-01-2020","19.50","19.20","20.15","19.20","8.82M","-3.47%"
"20-01-2020","20.20","20.20","20.20","20.20","739.42K","-4.94%"
"17-01-2020","21.25","22.40","22.40","21.25","3.08M","-4.92%"
"16-01-2020","22.35","24.15","24.20","22.35","10.04M","-4.89%"
"15-01-2020","23.50","21.80","23.65","21.65","23.37M","4.21%"
"14-01-2020","22.55","22.55","22.55","22.55","732.92K","-4.85%"
"13-01-2020","23.70","23.70","24.60","23.70","6.23M","-4.82%"
"10-01-2020","24.90","24.90","24.95","24.90","3.33M","-4.96%"
"09-01-2020","26.20","27.10","27.55","26.20","4.54M","-4.90%"
"08-01-2020","27.55","27.55","28.15","27.55","1.19M","-4.84%"
"07-01-2020","28.95","29.25","30.40","28.95","2.37M","-4.93%"
"06-01-2020","30.45","30.60","31.25","30.45","1.56M","-4.99%"
"03-01-2020","32.05","32.95","32.95","30.75","7.00M","-0.93%"
"02-01-2020","32.35","32.00","32.35","30.30","8.24M","4.86%"
"01-01-2020","30.85","30.85","30.85","30.85","443.72K","4.93%"